coat	Bsu	Bmo	Bam	Bli	Bpu	Ban	Bce87	Bce79	Bce3L	Bth	Bwe	Bcl	Bha	NumOfHits	NumOfGenomeHits
BG10012	BG10012 BG11595 BG13779 BG12271 BG12270 BG13780 	Bmo1818 Bmo3202 Bmo1781 	RBAM_037610 RBAM_009440 RBAM_005870 RBAM_005910 RBAM_005880 RBAM_005900 	NT03BL4618 NT03BL1031 NT03BL2051 NT03BL2052 	BPUM_0868 	BA_3121 	NA	NA	BCE33L2830 	NT02BT3082 	NA	NT03BC1360 	BH3888 BH0743 BH0742 	27	10
BG10022	BG10022 	NA	NA	NA	NA	NA	NA	NA	NA	NA	NA	NA	NA	1	1
BG10106	BG10106 	Bmo2616 	RBAM_000520 	NT03BL0059 	BPUM_0027 	BA_0040 	BCE_0040 	BC_0047 	BCE33L0038 	NT02BT0050 	BcerKBAB4_0037 	NT03BC0085 	BH0058 	13	13
BG10275	BG10275 	Bmo2839 	RBAM_020960 	NT03BL2566 	BPUM_2011 	BA_1530 	BCE_1636 	BC_1509 	BCE33L1391 	NT02BT1543 	BcerKBAB4_1433 	NT03BC2159 	BH1645 	13	13
BG10346	BG10346 	Bmo2727 Bmo2700 Bmo929 Bmo826 	RBAM_025170 	NT03BL3125 NT03BL3319 	BPUM_2452 	BA_4692 	BCE_4551 BCE_1139 	BC_4467 	BCE33L4204 BCE33L0776 	NT02BT4452 	BcerKBAB4_4305 	NT03BC2990 NT03BC3510 	BH3042 	20	13
BG10347	BG10347 	Bmo2699 	RBAM_025160 	NT03BL3124 	BPUM_2451 	BA_4691 	BCE_4550 	BC_4466 	BCE33L4203 	NT02BT4451 	BcerKBAB4_4304 	NT03BC2987 	BH3040 	13	13
BG10490	BG10490 	Bmo15 	RBAM_006700 	NT03BL0713 	BPUM_0542 	BA_1902 	BCE_A0212 	BC_1830 	NA	NT02BT1906 	BcerKBAB4_1765 	NT03BC3017 	BH2082 	12	12
BG10491	BG10491 BG12526 	Bmo511 Bmo513 	RBAM_033210 RBAM_033200 	NA	NA	BA_0357 	BCE_0457 	BC_0391 BC_0389 BC_0390 	BCE33L0329 BCE33L0327 BCE33L0328 	NT02BT0409 NT02BT0407 NT02BT0408 	BcerKBAB4_0337 BcerKBAB4_0335 BcerKBAB4_0336 	NA	NA	20	9
BG10492	NA	NA	NA	NA	NA	NA	NA	NA	NA	NA	NA	NA	NA	0	0
BG10493	BG10493 	Bmo2896 	RBAM_020350 	NT03BL2496 NT03BL2357 	BPUM_2323 	BA_1581 	BCE_1687 	BC_1560 	BCE33L1438 	NT02BT1591 	BcerKBAB4_1481 	NT03BC3633 NT03BC2311 	BH1767 	15	13
BG10494	BG10494 	Bmo3297 	RBAM_016870 	NT03BL2026 	BPUM_1607 	BA_3906 	BCE_3804 	BC_3770 	BCE33L3529 	NT02BT3754 	BcerKBAB4_3541 	NT03BC2506 	BH2370 	13	13
BG10495	BG10495 BG13781 	Bmo2673 	RBAM_024890 	NT03BL1066 NT03BL3093 	BPUM_2424 BPUM_1851 	BA_2967 BA_4659 BA_0552 BA_4940 	BCE_0607 BCE_4512 BCE_A0060 	BC_4927 BC_4420 	BCE33L4659 BCE33L4172 	NT02BT4929 NT02BT2907 NT02BT4420 	BcerKBAB4_4273 	NT03BC1781 	BH1221 BH1803 	26	13
BG10496	BG10496 BG10500 	Bmo2056 Bmo2054 	RBAM_011790 RBAM_011770 	NT03BL1346 NT03BL1349 	BPUM_1106 BPUM_1108 	NA	BCE_2910 BCE_2907 	BC_2874 BC_2872 	BCE33L2605 BCE33L2603 	NA	NA	NT03BC2859 	BH2192 	18	10
BG10497	BG10497 	Bmo2055 	RBAM_011780 	NT03BL1348 	BPUM_1107 	NA	BCE_2908 	BC_2873 	BCE33L2604 	NA	NA	NT03BC2860 	BH2191 	10	10
BG10498	BG10499 BG10498 	NA	RBAM_011750 RBAM_011760 	NT03BL1343 NT03BL1345 	BPUM_1103 BPUM_1105 	BA_1234 BA_1238 	BCE_1341 BCE_1345 	BC_1218 BC_1222 	BCE33L1115 BCE33L1119 	NT02BT1268 NT02BT1272 	BcerKBAB4_1128 BcerKBAB4_1132 	NA	NA	20	10
BG10499	BG10499 BG10498 	NA	RBAM_011750 RBAM_011760 	NT03BL1343 NT03BL1345 	BPUM_1103 BPUM_1105 	BA_1234 BA_1238 	BCE_1341 BCE_1345 	BC_1218 BC_1222 	BCE33L1115 BCE33L1119 	NT02BT1268 NT02BT1272 	BcerKBAB4_1128 BcerKBAB4_1132 	NA	NA	20	10
BG10500	BG10496 BG10500 	Bmo2056 Bmo2054 	RBAM_011790 RBAM_011770 	NT03BL1346 NT03BL1349 	BPUM_1106 BPUM_1108 	NA	BCE_2910 BCE_2907 	BC_2874 BC_2872 	BCE33L2605 BCE33L2603 	NA	NA	NT03BC2859 	BH2192 	18	10
BG10608	BG10608 	NA	RBAM_035170 	NT03BL4247 	BPUM_3438 	BA_5641 	BCE_5520 	BC_5391 	BCE33L5089 	NT02BT5378 	BcerKBAB4_5184 	NT03BC4431 	BH3827 	12	12
BG10776	NA	NA	NA	NA	NA	NA	NA	NA	NA	NA	NA	NA	NA	0	0
BG10946	BG10946 	Bmo66 	RBAM_028330 	NT03BL3496 	BPUM_2792 	BA_4173 	NA	BC_3963 	BCE33L3723 	NT02BT3948 	BcerKBAB4_3789 	NT03BC2509 	BH3970 	12	12
BG11017	BG11017 	NA	RBAM_033230 	NA	NA	BA_2045 	BCE_2114 	BC_2030 	BCE33L1851 	NT02BT2029 	BcerKBAB4_1895 	NA	NA	8	8
BG11172	BG11172 BG13322 BG11439 	Bmo2274 Bmo2826 	RBAM_002920 RBAM_013590 RBAM_021080 	NT03BL0347 NT03BL1666 NT03BL2582 	BPUM_0256 BPUM_1272 BPUM_2026 	BA_5640 BA_2594 BA_2748 BA_3893 	BCE_5519 BCE_2614 BCE_2781 BCE_3795 	BC_5390 BC_2536 BC_2753 	BCE33L5088 BCE33L2341 BCE33L2483 BCE33L3515 	NT02BT5377 NT02BT2562 NT02BT2708 NT02BT3746 	BcerKBAB4_5183 BcerKBAB4_2542 BcerKBAB4_2553 BcerKBAB4_3533 	NT03BC4429 NT03BC2146 NT03BC2895 	BH3826 BH1631 BH2879 	43	13
BG11187	BG11187 BG11178 BG11889 BG11727 BG13885 BG13884 BG11486 	Bmo1520 Bmo1545 Bmo1584 	RBAM_003780 RBAM_003920 RBAM_022280 RBAM_030830 RBAM_030840 RBAM_024540 	NT03BL0429 NT03BL0389 NT03BL2739 NT03BL2738 	BPUM_0340 BPUM_0305 BPUM_0347 BPUM_3296 BPUM_2138 BPUM_2383 BPUM_2343 	BA_0855 BA_0640 BA_4376 	BCE_0945 BCE_0468 BCE_3545 BCE_A0208 BCE_0708 BCE_4225 BCE_0609 	BC_0872 BC_0402 BC_0640 BC_4150 	BCE33L0753 BCE33L0339 BCE33L0551 BCE33L3905 BCE33L0461 	NT02BT0896 NT02BT0419 NT02BT0662 NT02BT4148 	BcerKBAB4_0759 BcerKBAB4_0348 BcerKBAB4_3233 BcerKBAB4_0553 BcerKBAB4_3995 	NT03BC3322 NT03BC0032 NT03BC0879 NT03BC1052 	BH0170 BH1461 BH2949 	62	13
BG11193	BG11193 	Bmo2951 	RBAM_019620 	NA	BPUM_1896 	NA	NA	NA	NA	NA	NA	NA	NA	4	4
BG11194	BG11194 	Bmo2950 Bmo2949 	RBAM_019630 	NA	BPUM_1897 	BA_5516 	BCE_3202 	NA	BCE33L2891 BCE33L4980 BCE33L4970 	NT02BT3171 NT02BT2358 	NA	NA	BH2839 	13	9
BG11195	BG11195 	Bmo2952 	RBAM_019610 	NA	BPUM_1895 	NA	NA	NA	NA	NA	NA	NA	NA	4	4
BG11196	BG11196 BG13263 BG10609 BG11863 BG13230 BG12694 BG11868 BG10602 BG11866 BG11834 BG12060 	Bmo2953 Bmo2233 Bmo1675 Bmo347 Bmo2186 Bmo460 Bmo342 Bmo344 Bmo2211 	RBAM_019600 RBAM_035160 RBAM_007620 RBAM_031630 RBAM_032700 RBAM_012740 RBAM_031600 RBAM_008690 RBAM_032860 	NT03BL0848 NT03BL2271 NT03BL3923 NT03BL4447 NT03BL0847 NT03BL4033 NT03BL3918 NT03BL3920 NT03BL0930 NT03BL4258 	BPUM_1894 BPUM_3436 BPUM_0690 BPUM_3079 BPUM_3204 BPUM_3158 BPUM_3251 BPUM_3076 BPUM_0404 BPUM_3222 BPUM_3445 	BA_3480 BA_1224 BA_3582 BA_1615 BA_1219 BA_5684 BA_0505 	BCE_1331 BCE_5392 BCE_5561 BCE_2026 BCE_1326 BCE_5387 BCE_0305 BCE_0559 	BC_1208 BC_1204 BC_1589 BC_1943 BC_5429 BC_5267 	BCE33L3135 BCE33L1105 BCE33L3236 BCE33L1101 BCE33L5129 BCE33L0416 	NT02BT3430 NT02BT1258 NT02BT3514 NT02BT1625 NT02BT5413 NT02BT1253 NT02BT5419 	BcerKBAB4_1118 BcerKBAB4_0772 BcerKBAB4_5223 BcerKBAB4_1114 BcerKBAB4_3393 BcerKBAB4_0422 	NT03BC0549 NT03BC3584 NT03BC1048 NT03BC4181 NT03BC3512 NT03BC0595 NT03BC3518 	BH3373 BH3367 BH3661 BH3658 BH3657 BH3713 BH3714 BH2231 	105	13
BG11197	BG11197 BG10027 BG10031 BG13159 	Bmo2955 Bmo1852 	RBAM_019590 RBAM_037800 RBAM_011900 RBAM_031720 RBAM_005520 RBAM_038050 RBAM_037210 	NT03BL2432 NT03BL1361 NT03BL1075 	BPUM_0524 BPUM_2322 BPUM_0140 	BA_2935 BA_0583 BA_2086 BA_2651 BA_0587 BA_2792 BA_1240 BA_0260 BA_3185 BA_2411 BA_4866 BA_2667 BA_2227 BA_2828 BA_1619 	BCE_0647 BCE_2171 BCE_2972 BCE_0653 BCE_2823 BCE_0281 BCE_1347 BCE_4752 BCE_2446 BCE_3197 BCE_2257 BCE_2702 BCE_2975 BCE_1710 	BC_2920 BC_0584 BC_2069 BC_0587 BC_2797 BC_1224 BC_0288 BC_1593 BC_3148 BC_2828 BC_0519 BC_2183 BC_2348 BC_2806 BC_2923 	BCE33L0496 BCE33L2654 BCE33L1891 BCE33L0499 BCE33L2522 BCE33L2395 BCE33L1121 BCE33L0234 BCE33L4360 BCE33L2167 BCE33L2414 BCE33L2010 BCE33L2553 	NT02BT0602 NT02BT2877 NT02BT2067 NT02BT2622 NT02BT0607 NT02BT2747 NT02BT1274 NT02BT0297 NT02BT3165 NT02BT2355 NT02BT2633 NT02BT2183 	BcerKBAB4_0497 BcerKBAB4_1938 BcerKBAB4_0500 BcerKBAB4_2728 BcerKBAB4_2597 BcerKBAB4_0238 BcerKBAB4_1134 BcerKBAB4_2418 BcerKBAB4_2629 BcerKBAB4_2217 	NT03BC0337 NT03BC2201 NT03BC2001 NT03BC1007 NT03BC4366 	BH1438 BH1582 BH0547 	106	13
BG11380	BG14044 BG13821 BG11380 	Bmo699 Bmo153 	RBAM_029380 	NT03BL3617 	BPUM_2890 	BA_5188 BA_2867 	BCE_5088 BCE_2828 BCE_4742 	BC_4954 	BCE33L4680 BCE33L2525 BCE33L2597 	NT02BT4949 NT02BT4603 	BcerKBAB4_4773 BcerKBAB4_2603 	NT03BC3335 	BH3423 BH2306 	24	13
BG11381	BG11381 BG13830 BG11862 BG11213 BG11680 BG12690 BG10910 BG12695 BG11864 	Bmo348 Bmo474 Bmo2870 Bmo1178 Bmo464 Bmo925 Bmo346 Bmo459 Bmo482 	RBAM_031640 RBAM_037520 RBAM_020610 RBAM_037550 RBAM_032740 RBAM_031620 	NT03BL3382 NT03BL2325 NT03BL2524 NT03BL3924 NT03BL4038 NT03BL2835 NT03BL3419 NT03BL4051 NT03BL3922 	BPUM_1977 BPUM_3080 BPUM_3209 BPUM_3234 BPUM_3078 BPUM_3203 BPUM_3229 	BA_0280 BA_5012 BA_5518 BA_1558 BA_5670 BA_5519 BA_5120 	BCE_4907 BCE_1664 BCE_5549 BCE_5390 BCE_5025 BCE_5586 BCE_5391 	BC_0314 BC_4756 BC_1535 BC_1590 BC_5269 BC_5420 BC_4864 	BCE33L4513 BCE33L1418 BCE33L4972 BCE33L5117 BCE33L4973 BCE33L4618 	NT02BT4763 NT02BT1569 NT02BT1626 NT02BT5249 NT02BT5407 NT02BT4862 NT02BT5252 	BcerKBAB4_0259 BcerKBAB4_4589 BcerKBAB4_1461 BcerKBAB4_3402 BcerKBAB4_5062 BcerKBAB4_5067 BcerKBAB4_5214 BcerKBAB4_3398 BcerKBAB4_3401 BcerKBAB4_4707 BcerKBAB4_3394 BcerKBAB4_3397 BcerKBAB4_5063 BcerKBAB4_3396 BcerKBAB4_3395 	NT03BC2127 NT03BC2371 NT03BC3589 NT03BC2128 NT03BC1715 NT03BC0591 NT03BC2396 	BH2305 BH2688 BH1415 BH3712 BH3376 BH1683 BH3380 BH3663 BH3382 BH1085 BH3662 	107	13
BG11382	BG11382 	NA	NA	NA	NA	BA_5062 BA_0799 	BCE_4963 BCE_0890 BCE_3005 	BC_4802 BC_0816 	BCE33L4558 BCE33L0695 BCE33L2684 	NT02BT0844 NT02BT4807 	BcerKBAB4_4640 BcerKBAB4_0710 	NA	NA	15	7
BG11448	BG11448 	NA	RBAM_020400 	NT03BL2502 	BPUM_1958 	BA_1580 	BCE_1686 	BC_1559 	BCE33L1437 	NT02BT1590 	BcerKBAB4_1480 	NT03BC2454 	BH2273 	12	12
BG11609	BG11609 BG11608 	Bmo2921 Bmo2919 	RBAM_020110 RBAM_020130 	NT03BL2472 NT03BL2474 	BPUM_1933 BPUM_1935 	BA_1626 BA_1623 	BCE_1717 BCE_1714 	BC_1600 BC_1597 	BCE33L1472 BCE33L1469 	NT02BT1636 NT02BT1633 	BcerKBAB4_1514 BcerKBAB4_1511 	NA	BH2282 	23	12
BG11666	BG11666 	Bmo1156 	RBAM_023430 	NT03BL2857 	BPUM_2245 	BA_4507 	BCE_4363 	BC_4281 	BCE33L4033 	NT02BT4279 	BcerKBAB4_4136 	NT03BC1953 	BH1387 	13	13
BG11791	BG11791 BG13097 	Bmo514 Bmo1958 	RBAM_033220 	NT03BL1235 	BPUM_1005 	BA_2046 	BCE_2115 	BC_2031 	BCE33L1852 	NT02BT2030 	BcerKBAB4_1896 	NA	NA	13	11
BG11799	BG11799 	NA	RBAM_007240 	NT03BL1213 	NA	BA_0805 	BCE_0897 	BC_0823 	BCE33L0703 	NT02BT0851 	BcerKBAB4_0718 	NA	NA	9	9
BG11800	BG11800 	NA	RBAM_007250 	NT03BL1214 	NA	BA_0804 	BCE_0896 	BC_0822 	BCE33L0702 	NT02BT0850 	BcerKBAB4_0717 	NA	NA	9	9
BG11801	BG11801 BG12071 BG13220 BG12198 	Bmo2454 Bmo1323 Bmo2147 Bmo1440 	RBAM_007260 RBAM_006240 RBAM_004760 	NT03BL1215 NT03BL2119 NT03BL4120 	BPUM_1305 BPUM_2346 	BA_0803 BA_3134 	BCE_0895 	BC_0821 	BCE33L0701 BCE33L2839 	NT02BT0849 NT02BT3092 	BcerKBAB4_0716 	NT03BC3857 NT03BC4100 NT03BC2376 NT03BC1364 	BH1069 BH2190 	31	13
BG11811	BG11811 BG13166 	Bmo1795 Bmo3268 	RBAM_009200 	NT03BL1007 	BPUM_0844 	BA_0546 	BCE_0601 	BC_0545 	BCE33L0454 	NT02BT0566 	BcerKBAB4_0461 	NT03BC1685 	BH1022 	15	13
BG11822	BG11822 	Bmo3184 	RBAM_017770 	NT03BL2146 	NA	BA_3681 	BCE_3640 	BC_3621 	BCE33L3323 	NT02BT3609 	BcerKBAB4_3307 	NT03BC2453 	BH2272 	12	12
BG11881	BG11881 BG10974 	NA	RBAM_036530 RBAM_026900 	NT03BL3317 	BPUM_2625 	BA_3589 BA_4035 	BCE_3549 BCE_3941 	BC_3534 BC_3896 	BCE33L3244 BCE33L3655 	NT02BT3522 NT02BT3879 NT02BT3525 	BcerKBAB4_3237 BcerKBAB4_3723 	NT03BC0453 	NA	20	11
BG12167	BG12167 BG13526 	NA	RBAM_007940 RBAM_019000 	NT03BL2632 	BPUM_0686 BPUM_1957 	BA_2250 BA_2262 	BCE_2279 BCE_2290 	BC_2203 BC_2214 	BCE33L2032 BCE33L2043 	NT02BT2207 NT02BT2217 	BcerKBAB4_2073 	NA	BH0480 	19	11
BG12181	BG12181 BG10080 BG14090 BG13319 	Bmo1338 Bmo2643 Bmo317 	RBAM_013100 RBAM_000210 	NT03BL2053 NT03BL0027 NT03BL0340 NT03BL0341 	BPUM_0513 	BA_0385 BA_3668 	BCE_0497 BCE_3627 	BC_0429 BC_3607 	BCE33L0359 BCE33L3314 	NT02BT0445 NT02BT3596 	BcerKBAB4_0366 BcerKBAB4_3294 	NT03BC3526 NT03BC0736 	BH2292 BH0916 BH3513 BH0017 BH0693 	33	13
BG12231	BG12231 BG12320 BG10228 	Bmo726 	RBAM_009070 RBAM_025750 	NT03BL0332 	BPUM_1792 BPUM_1416 	BA_1309 BA_5315 BA_3575 BA_4048 	BCE_0479 BCE_1410 BCE_5212 BCE_3530 BCE_3955 	BC_0412 BC_1297 BC_5063 BC_3504 BC_2955 BC_3909 	BCE33L1190 BCE33L4798 BCE33L3230 BCE33L3668 	NT02BT1332 NT02BT5072 NT02BT3508 NT02BT3892 	BcerKBAB4_0351 BcerKBAB4_1212 BcerKBAB4_4899 BcerKBAB4_3226 BcerKBAB4_3736 	NT03BC3675 NT03BC4557 NT03BC2493 NT03BC1404 NT03BC4487 NT03BC2495 	BH2730 BH2134 BH2136 	46	13
BG12236	BG12236 	Bmo1794 	RBAM_009190 	NT03BL1006 	BPUM_0845 	BA_0545 	BCE_0600 	BC_0544 	BCE33L0453 	NT02BT0565 	BcerKBAB4_0460 	NT03BC1682 	BH1020 	13	13
BG12251	BG12251 	Bmo2321 	RBAM_014010 RBAM_028920 	NT03BL1720 NT03BL1163 	BPUM_1322 	BA_1663 BA_4222 	BCE_4057 	BC_4006 BC_1630 	BCE33L1509 BCE33L3763 	NT02BT3992 NT02BT1676 	BcerKBAB4_3834 BcerKBAB4_1549 	NA	NA	18	11
BG12335	BG12335 	NA	NA	NA	NA	NA	NA	NA	NA	NA	NA	NA	NA	1	1
BG12423	BG12423 	NA	RBAM_005540 	NA	NA	NA	NA	NA	NA	NA	NA	NA	NA	2	2
BG12424	BG12424 BG12249 	Bmo1999 	RBAM_005580 RBAM_011170 	NA	BPUM_1040 	BA_0178 BA_0680 	BCE_0199 BCE_0480 BCE_0747 	BC_0201 BC_0673 	BCE33L0170 BCE33L0591 	NT02BT0210 NT02BT0701 	BcerKBAB4_1637 BcerKBAB4_0164 BcerKBAB4_0594 	NA	NA	20	10
BG12512	BG12512 BG11131 	Bmo533 	RBAM_033430 	NT03BL2874 NT03BL4304 NT03BL2347 NT03BL0447 NT03BL4486 	BPUM_3545 BPUM_3543 	NA	NA	NA	NA	NA	NA	NT03BC3579 NT03BC0621 NT03BC4307 NT03BC1211 NT03BC1365 	BH2346 BH4015 BH0976 	19	7
BG13000	BG13000 BG12245 BG11226 BG12504 BG11884 BG11814 BG12536 	Bmo1879 Bmo1478 Bmo1996 Bmo543 Bmo2351 Bmo494 	RBAM_010060 RBAM_004270 RBAM_011130 RBAM_036500 RBAM_033510 RBAM_014290 RBAM_032980 RBAM_024170 RBAM_031410 RBAM_024160 	NT03BL1125 NT03BL1272 NT03BL0506 NT03BL4519 NT03BL4098 NT03BL1754 NT03BL4071 	BPUM_0929 BPUM_0378 BPUM_1037 BPUM_3595 BPUM_1351 BPUM_3281 BPUM_3254 	BA_0870 BA_1174 BA_5646 BA_4188 BA_2426 BA_2077 BA_2634 BA_4285 BA_4271 	BCE_0960 BCE_1285 BCE_5525 BCE_4024 BCE_0253 BCE_2460 BCE_2661 BCE_2161 BCE_4133 BCE_4119 	BC_0886 BC_1165 BC_5396 BC_2060 BC_0246 BC_3975 BC_2618 BC_4063 BC_4052 	BCE33L0775 BCE33L1064 BCE33L5094 BCE33L0214 BCE33L1882 BCE33L3733 BCE33L2379 BCE33L3819 BCE33L3808 	NT02BT0910 NT02BT1213 NT02BT5383 NT02BT0257 NT02BT3960 NT02BT2058 NT02BT2605 NT02BT4050 NT02BT4039 	BcerKBAB4_0775 BcerKBAB4_1075 BcerKBAB4_5189 BcerKBAB4_0213 BcerKBAB4_3802 BcerKBAB4_1927 BcerKBAB4_2506 BcerKBAB4_3893 BcerKBAB4_3881 	NT03BC1743 NT03BC2917 NT03BC4476 NT03BC2393 NT03BC2322 NT03BC3568 NT03BC2779 	BH1151 BH0497 BH2906 BH1746 BH0846 BH2659 BH2692 	106	13
BG13035	BG13035 BG13036 	Bmo1874 Bmo1873 	RBAM_010010 RBAM_010000 	NT03BL1121 NT03BL1120 	BPUM_0926 BPUM_0925 	BA_0861 BA_0860 	BCE_0951 BCE_0950 	BC_0878 BC_0877 	BCE33L0759 BCE33L0758 	NT02BT0902 NT02BT0901 	BcerKBAB4_0765 BcerKBAB4_0764 	NA	BH1147 BH1145 BH1146 	25	12
BG13036	BG13035 BG13036 	Bmo1874 Bmo1873 	RBAM_010010 RBAM_010000 	NT03BL1121 NT03BL1120 	BPUM_0926 BPUM_0925 	BA_0861 BA_0860 	BCE_0951 BCE_0950 	BC_0878 BC_0877 	BCE33L0759 BCE33L0758 	NT02BT0902 NT02BT0901 	BcerKBAB4_0765 BcerKBAB4_0764 	NA	BH1147 BH1145 BH1146 	25	12
BG13084	BG13084 	Bmo1951 	RBAM_010770 	NT03BL1569 NT03BL1221 	NA	BA_3113 	BCE_3134 	BC_3081 	NA	NT02BT3073 	BcerKBAB4_2891 	NT03BC0223 NT03BC1041 	BH1034 BH2720 	14	11
BG13088	BG13088 BG11538 BG10310 BG13957 BG10663 	Bmo1671 Bmo1955 Bmo1268 Bmo1239 Bmo1889 Bmo1121 	RBAM_010820 RBAM_022570 RBAM_015770 RBAM_010160 	NT03BL1227 NT03BL2759 NT03BL1908 NT03BL0586 NT03BL3575 	BPUM_0996 BPUM_2156 BPUM_1493 BPUM_0935 BPUM_1591 BPUM_2856 	BA_2360 BA_4397 BA_3986 BA_0477 BA_5729 	BCE_2391 BCE_3890 BCE_4246 BCE_4972 BCE_5630 BCE_5301 	BC_2296 BC_3846 BC_0949 BC_2594 BC_1078 BC_5481 	BCE33L2122 BCE33L3927 BCE33L3607 BCE33L5176 	NT02BT2309 NT02BT4168 NT02BT3830 NT02BT5470 	BcerKBAB4_2167 BcerKBAB4_3671 BcerKBAB4_4026 BcerKBAB4_5272 	NT03BC2793 NT03BC2622 NT03BC4335 NT03BC3131 NT03BC2515 	BH2776 BH2487 BH2146 	63	13
BG13097	BG11791 BG13097 	Bmo514 Bmo1958 	RBAM_033220 	NT03BL1235 	BPUM_1005 	BA_2046 	BCE_2115 	BC_2031 	BCE33L1852 	NT02BT2030 	BcerKBAB4_1896 	NA	NA	13	11
BG13104	BG13104 BG14066 BG12806 BG12888 BG12360 BG12442 BG10685 BG14068 BG12017 BG12026 BG12654 	Bmo1973 Bmo288 Bmo17 Bmo326 Bmo79 Bmo1765 Bmo919 Bmo1515 Bmo1557 Bmo289 Bmo892 	RBAM_030910 RBAM_028520 RBAM_005230 RBAM_008680 RBAM_027790 RBAM_014400 RBAM_011140 RBAM_027530 	NT03BL2355 NT03BL3870 NT03BL3521 NT03BL3412 NT03BL0852 NT03BL0565 	BPUM_3032 BPUM_0242 BPUM_2717 BPUM_2809 BPUM_0457 BPUM_0429 BPUM_0471 BPUM_0273 BPUM_2683 	BA_5030 BA_5335 BA_3165 BA_4338 BA_5136 BA_3343 BA_3887 BA_2687 BA_1019 BA_2217 BA_4577 BA_3877 BA_5110 BA_2417 BA_2392 BA_3187 BA_3372 	BCE_4929 BCE_5233 BCE_3158 BCE_4186 BCE_5043 BCE_3307 BCE_4805 BCE_1173 BCE_2247 BCE_1120 BCE_4430 BCE_3779 BCE_2449 BCE_5014 BCE_1959 BCE_2723 BCE_4523 BCE_2422 BCE_3343 BCE_2038 	BC_4774 BC_3122 BC_5130 BC_4116 BC_4663 BC_4904 BC_3312 BC_4345 BC_2337 BC_1027 BC_2171 BC_3746 BC_4854 BC_0303 BC_1788 BC_2519 	BCE33L4530 BCE33L4819 BCE33L3872 BCE33L4636 BCE33L4415 BCE33L2995 BCE33L2000 BCE33L0931 BCE33L4095 BCE33L3504 BCE33L1692 BCE33L4609 BCE33L2432 BCE33L2171 BCE33L0248 BCE33L2148 BCE33L3018 BCE33L1770 	NT02BT4777 NT02BT5104 NT02BT3131 NT02BT4106 NT02BT4904 NT02BT2367 NT02BT3306 NT02BT1083 NT02BT4663 NT02BT4343 NT02BT2173 NT02BT4852 NT02BT3735 NT02BT2390 NT02BT2340 	BcerKBAB4_4606 BcerKBAB4_4922 BcerKBAB4_3948 BcerKBAB4_4726 BcerKBAB4_4497 BcerKBAB4_3011 BcerKBAB4_3527 BcerKBAB4_0940 BcerKBAB4_4696 BcerKBAB4_4196 BcerKBAB4_2042 BcerKBAB4_2231 BcerKBAB4_2198 BcerKBAB4_0251 BcerKBAB4_1760 BcerKBAB4_2389 BcerKBAB4_1822 	NT03BC3404 NT03BC0866 NT03BC3883 NT03BC2457 NT03BC3405 NT03BC0344 NT03BC1635 NT03BC1427 NT03BC3760 NT03BC1289 NT03BC2261 	BH3908 BH3554 BH2279 BH3805 BH1308 BH2719 BH0763 	166	13
BG13153	BG13153 	Bmo2053 	RBAM_011740 	NT03BL1342 NT03BL2896 	BPUM_1102 	BA_1233 	BCE_1340 	BC_1217 	BCE33L1114 	NT02BT1267 	BcerKBAB4_1127 	NA	NA	12	11
BG13180	BG13180 	Bmo2095 	NA	NA	NA	NA	NA	NA	NA	NA	NA	NA	NA	2	2
BG13288	BG13288 BG11731 BG12020 	NA	RBAM_013830 RBAM_022240 	NT03BL1698 	BPUM_1301 BPUM_2134 	BA_5274 BA_4372 	BCE_0819 BCE_5172 BCE_4221 	BC_5027 BC_4146 	BCE33L0656 BCE33L4762 BCE33L3901 	NT02BT0800 NT02BT5037 NT02BT4144 	BcerKBAB4_0668 BcerKBAB4_4858 BcerKBAB4_3989 	NT03BC4002 NT03BC2014 	BH0811 BH1465 	28	12
BG13318	BG13318 BG11406 BG13521 BG13010 BG13564 	Bmo1843 Bmo3010 Bmo1839 Bmo2989 	RBAM_019170 RBAM_009630 RBAM_018960 RBAM_009680 	NT03BL1387 NT03BL2331 NT03BL2601 NT03BL4000 NT03BL1568 NT03BL2388 	BPUM_2040 BPUM_3168 BPUM_0897 BPUM_1158 	BA_1500 BA_1903 BA_0724 BA_1449 	BCE_1604 BCE_A0203 BCE_0794 BCE_1554 	BC_1480 BC_0740 BC_1431 BC_3698 	BCE33L1361 BCE33L0634 BCE33L1313 	NT02BT1514 NT02BT1907 NT02BT0769 NT02BT1467 	BcerKBAB4_1402 BcerKBAB4_0640 BcerKBAB4_1354 	NA	BH3600 BH1600 	47	12
BG13356	BG13356 	Bmo2388 	RBAM_014830 	NT03BL1804 	BPUM_1389 	BA_4146 	BCE_3983 	BC_3936 	BCE33L3696 	NT02BT3919 	BcerKBAB4_3763 	NT03BC2710 	BH2601 	13	13
BG13415	BG13415 BG11329 BG12082 BG11931 BG12160 	Bmo12 Bmo1428 	RBAM_004870 RBAM_006720 RBAM_005600 RBAM_002860 RBAM_026750 	NT03BL0716 NT03BL3658 	BPUM_0544 BPUM_1292 	BA_2310 BA_4640 BA_1756 	BCE_3763 BCE_2343 BCE_4494 BCE_1832 	BC_2261 BC_4404 BC_1701 	BCE33L2089 BCE33L4154 BCE33L1581 	NT02BT2262 NT02BT4402 NT02BT1769 	BcerKBAB4_2127 BcerKBAB4_4257 BcerKBAB4_1630 	NT03BC2210 NT03BC3831 	BH0712 BH1238 	39	13
BG13471	NA	NA	NA	NA	NA	NA	NA	NA	NA	NA	NA	NA	NA	0	0
BG13484	BG13484 BG14148 	Bmo252 	RBAM_020670 RBAM_030390 RBAM_028220 	NT03BL3468 NT03BL3799 NT03BL3469 	BPUM_2904 BPUM_0805 BPUM_3439 	BA_1742 BA_2451 	BCE_2487 BCE_1819 	BC_1031 BC_2383 	BCE33L2202 BCE33L1568 	NT02BT2426 NT02BT1736 	BcerKBAB4_2259 BcerKBAB4_1617 	NT03BC0960 NT03BC3819 	NA	26	12
BG13506	BG13506 	Bmo3096 	NA	NT03BL2037 NT03BL2036 	NA	BA_1924 BA_2018 	BCE_2008 BCE_2098 	BC_1925 BC_2016 	BCE33L1742 BCE33L1830 	NT02BT1930 NT02BT2014 	BcerKBAB4_1799 BcerKBAB4_1880 	NA	NA	16	9
BG13537	BG13537 	NA	RBAM_019400 	NT03BL2411 	BPUM_1882 	BA_3640 BA_2677 	BCE_3599 BCE_2631 	BC_3582 BC_2553 	BCE33L3289 BCE33L2425 	NT02BT3570 	BcerKBAB4_3268 BcerKBAB4_2243 	NT03BC1795 	NA	16	11
BG13781	BG10495 BG13781 	Bmo2673 	RBAM_024890 	NT03BL1066 NT03BL3093 	BPUM_2424 BPUM_1851 	BA_2967 BA_4659 BA_0552 BA_4940 	BCE_0607 BCE_4512 BCE_A0060 	BC_4927 BC_4420 	BCE33L4659 BCE33L4172 	NT02BT4929 NT02BT2907 NT02BT4420 	BcerKBAB4_4273 	NT03BC1781 	BH1221 BH1803 	26	13
BG13821	BG14044 BG13821 BG11380 	Bmo699 Bmo153 	RBAM_029380 	NT03BL3617 	BPUM_2890 	BA_5188 BA_2867 	BCE_5088 BCE_2828 BCE_4742 	BC_4954 	BCE33L4680 BCE33L2525 BCE33L2597 	NT02BT4949 NT02BT4603 	BcerKBAB4_4773 BcerKBAB4_2603 	NT03BC3335 	BH3423 BH2306 	24	13
BG13822	BG13822 	NA	RBAM_027830 	NT03BL3511 	BPUM_2723 	BA_3179 	BCE_3183 	BC_3136 	NA	NT02BT3151 	NA	NA	NA	8	8
BG14013	BG14013 BG11588 BG11372 	Bmo203 Bmo1812 Bmo2738 	RBAM_029810 RBAM_009380 RBAM_003240 	NT03BL3661 NT03BL1025 NT03BL3367 NT03BL2792 	BPUM_2930 BPUM_0272 	BA_5219 BA_5220 BA_2787 BA_0175 BA_0314 	BCE_5122 BCE_5123 BCE_0197 BCE_0343 BCE_2818 BCE_2817 	BC_4984 BC_4985 BC_2792 BC_0198 BC_0348 	BCE33L4708 BCE33L4709 BCE33L2517 BCE33L0167 BCE33L0286 	NT02BT4982 NT02BT4983 NT02BT2742 NT02BT0366 	BcerKBAB4_4806 BcerKBAB4_4807 BcerKBAB4_2592 BcerKBAB4_0161 BcerKBAB4_0294 	NT03BC3379 NT03BC0634 NT03BC1015 NT03BC3859 NT03BC1132 NT03BC1436 	BH3479 	52	13
BG14044	BG14044 BG13821 BG11380 	Bmo699 Bmo153 	RBAM_029380 	NT03BL3617 	BPUM_2890 	BA_5188 BA_2867 	BCE_5088 BCE_2828 BCE_4742 	BC_4954 	BCE33L4680 BCE33L2525 BCE33L2597 	NT02BT4949 NT02BT4603 	BcerKBAB4_4773 BcerKBAB4_2603 	NT03BC3335 	BH3423 BH2306 	24	13
BG14052	BG14052 	NA	RBAM_028810 	NT03BL3561 	BPUM_2842 	NA	NA	NA	NA	NA	NA	NT03BC0987 	NA	5	5
