NT02BT3501	NT02BT3501
BAM_035760	RBAM_035760
KBAB4_0273	BcerKBAB4_0273
NT02BT0456	NT02BT0456
BG12823xxx	BG12823
Bmo2538xxx	Bmo2538
Bmo2550xxx	Bmo2550
Bmo2536xxx	Bmo2536
BAM_007560	RBAM_007560
NT03BL0899	NT03BL0899
BAM_006870	RBAM_006870
NT02BT0851	NT02BT0851
BC_0326xxx	BC_0326
NT02BT0345	NT02BT0345
BG11799xxx	BG11799
BAM_007240	RBAM_007240
BAM_026190	RBAM_026190
BPUM_3503x	BPUM_3503
BH0627xxxx	BH0627
NT03BL1213	NT03BL1213
BA_0292xxx	BA_0292
BC_0823xxx	BC_0823
BPUM_1683x	BPUM_1683
BG10703xxx	BG10703
NT03BL0730	NT03BL0730
KBAB4_0718	BcerKBAB4_0718
Bmo2105xxx	Bmo2105
BA_0291xxx	BA_0291
BG11350xxx	BG11350
BG11839xxx	BG11839
BA_0805xxx	BA_0805
BPUM_0680x	BPUM_0680
Bmo1732xxx	Bmo1732
BG10704xxx	BG10704
Bmo2552xxx	Bmo2552
BPUM_0600x	BPUM_0600
BPUM_2141x	BPUM_2141
NT03BC1187	NT03BC1187
BAM_006880	RBAM_006880
BG12977xxx	BG12977
BC_0327xxx	BC_0327
BAM_007540	RBAM_007540
Bmo2499xxx	Bmo2499
