bg,NA.2,NA.3,deltalnL,p,q,sig,sig2,summary
BG10001,18):,0,0.200578999999834,0.5265,0.34592280554792,,,
BG10002,18):,0,2.05263699999978,0.0427,0.0601426875870774,,,
BG10004,18):,0,0.36546399999952,0.3926,0.286329935159110,,,
BG10009,18):,0,0.0670570000002044,0.7142,0.423928208273651,,,
BG10010,18):,0,0.62456100000054,0.2637,0.219454776798288,,,
BG10048,18):,0,0.84058099999993,0.1948,0.179917772364766,,,
BG10049,18):,0,0.00102599999991071,0.9639,0.500515106488815,,,
BG10050,18):,0,2.89999998130952e-05,0.9939,0.508823469544482,,,
BG10053,18):,0,2.53456000000006,0.0244,0.0403997261680488,C,,C
BG10054,18):,0,0.013929000000644,0.8674,0.476379352131629,,,
BG10057,18):,0,0.0738940000001094,0.7007,0.418773939807339,,,
BG10059,18):,0,1.32954700000118,0.103,0.112679508359864,,,
BG10060,18):,0,4.77738800000043,0.002,0.00593050043999284,C,,C
BG10061,18):,0,6.00302599999941,5e-04,0.00194275014413558,C,,C
BG10062,18):,0,1.46298099999967,0.0872,0.0999218962269166,,,
BG10063,18):,0,0.521572000000106,0.3071,0.239473197351655,,,
BG10065,18):,0,1.09185700000035,0.1395,0.142251506028968,,,
BG10066,18):,0,0.301910999999564,0.4371,0.304967263802455,,,
BG10067,18):,0,0.841580000000022,0.1945,0.17988643810665,,,
BG10068,18):,0,0.32574299999942,0.4196,0.299875190535722,,,
BG10070,18):,0,0.0124429999996210,0.8747,0.478332704551235,,,
BG10071,18):,0,0.476420000000871,0.329,0.250765895718570,,,
BG10073,18):,0,0.548291999999492,0.295,0.233813282294208,,,
BG10074,18):,0,3.82714899999974,0.0057,0.0134273142366110,C,,C
BG10075,18):,0,1.74357899999995,0.0618,0.0778055152697161,,,
BG10076,18):,0,1.13961100000006,0.1311,0.135836614059548,,,
BG10077,18):,0,1.49934099999973,0.0833,0.0972663528121934,,,
BG10080,18):,0,5.21880899999996,0.0012,0.00393831291354864,C,,C
BG10082,18):,0,0.31890999999996,0.4245,0.301148696529458,,,
BG10083,18):,0,0.628149000000121,0.2624,0.219453440509025,,,
BG10084,18):,0,0.0395059999998466,0.7786,0.44685364283017,,,
BG10085,18):,0,0.693450000000212,0.2389,0.207070265747473,,,
BG10086,18):,0,0.985994000000119,0.1602,0.156740294407382,,,
BG10087,18):,0,0.994306999999935,0.1585,0.155625283244189,,,
BG10091,18):,0,5.59237600000051,8e-04,0.00284664021119656,C,,C
BG10092,18):,0,3.45884599999999,0.0085,0.0183599198925018,C,,C
BG10094,18):,0,1.99336700000003,0.0459,0.0637206090396438,,,
BG10095,18):,0,1.02484800000002,0.1522,0.151099746012082,,,
BG10096,18):,0,0.186263000000054,0.5416,0.352758507096545,,,
BG10097,18):,0,0.0501040000001467,0.7516,0.43767399732958,,,
BG10098,18):,0,1.43246399999998,0.0905,0.102999657977272,,,
BG10099,18):,0,0.329694999999447,0.4168,0.298403955154916,,,
BG10100,18):,0,0.00331200000005083,0.9351,0.490838237270072,,,
BG10101,18):,0,0.69897100000162,0.2371,0.206303563182423,,,
BG10102,18):,0,2.64900299999999,0.0213,0.0360913312490993,C,,C
BG10104,18):,0,0.0993309999998928,0.6558,0.400516106137663,,,
BG10105,18):,0,4.96018900000036,0.0016,0.00487262738853466,C,,C
BG10106,18):,0,0.933196999999382,0.1719,0.165039518201979,,,
BG10107,18):,0,0.00354300000003605,0.9329,0.490445007848757,,,
BG10108,18):,0,0.00127299999996922,0.9598,0.499152886725219,,,
BG10109,18):,0,0.135428000000502,0.6028,0.379875911967355,,,
BG10110,18):,0,1.00791599999957,0.1557,0.153896486417814,,,
BG10111,18):,0,2.44254699999988,0.0271,0.0431098542572091,C,,C
BG10113,18):,0,1.43132999999943,0.0907,0.102999657977272,,,
BG10114,18):,0,0.528320999999778,0.304,0.238113711068796,,,
BG10116,18):,0,2.51432999999997,0.0249,0.0408599964780672,C,,C
BG10118,18):,0,1.97233800000322,0.047,0.0648482068520033,,,
BG10119,18):,0,0.35092799999984,0.4022,0.291445004902490,,,
BG10120,18):,0,16.8755240000010,0,0,C,,C
BG10121,18):,0,18.5741369999996,0,0,C,,C
BG10122,18):,0,0.00174500000002809,0.9529,0.49691923817791,,,
BG10123,18):,0,0.921209999999974,0.1747,0.166822967037866,,,
BG10124,18):,0,0.316346000000522,0.4264,0.301863093390446,,,
BG10125,18):,0,0.384931999999935,0.3803,0.280531425938462,,,
BG10126,18):,0,1.96353199999999,0.0475,0.0650074086691523,,,
BG10127,18):,0,6.84327200000007,2e-04,0.000883760849881286,C,,C
BG10130,18):,0,0.701274000000922,0.2363,0.205872431639968,,,
BG10131,18):,0,0.174892,0.5542,0.357778942765537,,,
BG10132,18):,0,0.574357000001328,0.2838,0.228689710173035,,,
BG10133,18):,0,4.59638699999959,0.0024,0.00690461668247677,C,,C
BG10134,18):,0,0.00573200000053475,0.9147,0.487916489432704,,,
BG10136,18):,0,0.226371000000654,0.501,0.336430413166428,,,
BG10137,18):,0,5.04371499999979,0.0015,0.00460961625108534,C,,C
BG10138,18):,0,0.556331000000228,0.2915,0.232401485992219,,,
BG10139,18):,0,20.6996200000003,0,0,C,,C
BG10140,18):,0,0.124059000000670,0.6184,0.387116710942999,,,
BG10141,18):,0,1.06509699999992,0.1444,0.145927542665151,,,
BG10142,18):,0,0.0161240000002181,0.8575,0.474027858145135,,,
BG10143,18):,0,3.24179200000071,0.0109,0.0220635923554943,C,,C
BG10144,18):,0,0.163871000000654,0.567,0.363607695033479,,,
BG10145,18):,0,6.03010499999982,5e-04,0.00194275014413558,C,,C
BG10146,18):,0,3.21570500000007,0.0112,0.0223364689138137,C,,C
BG10147,18):,0,0.575918999999885,0.2832,0.228478544874798,,,
BG10148,18):,0,0.309128999999302,0.4317,0.302761890615892,,,
BG10149,18):,0,1.47464600000058,0.0859,0.0992194988288221,,,
BG10150,18):,0,0.0222340000000258,0.833,0.464719299082191,,,
BG10151,18):,0,0.00852500000019063,0.8961,0.482735175018043,,,
BG10152,18):,0,3.10569699999996,0.0127,0.0246022307651050,C,,C
BG10153,18):,0,4.30611699999963,0.0033,0.00881839630642413,C,,C
BG10154,18):,0,0.0387330000003203,0.7808,0.447356746410416,,,
BG10155,18):,0,0.728199000000131,0.2275,0.200009790521735,,,
BG10156,18):,0,0.780797999999777,0.2114,0.191328900138757,,,
BG10157,18):,0,0.009501999999884,0.8904,0.48235497232511,,,
BG10158,18):,0,0.0217300000003888,0.8349,0.464956119586410,,,
BG10159,18):,0,0.214759000000413,0.5122,0.341169128168999,,,
BG10161,18):,0,0.637540000000058,0.2588,0.217622811668155,,,
BG10162,18):,0,2.37320199999976,0.0294,0.0454843598962929,C,,C
BG10163,18):,0,0.225793999999951,0.5016,0.336430413166428,,,
BG10164,18):,0,0.695353999999952,0.2383,0.206815354368336,,,
BG10176,18):,0,4.58487599999989,0.0025,0.00716183315846593,C,,C
BG10182,18):,0,0.0102559999995719,0.8861,0.481284384824395,,,
BG10185,18):,0,0.0347090000000208,0.7922,0.450509543180085,,,
BG10186,18):,0,0.311833000000661,0.4297,0.302023205585131,,,
BG10187,18):,0,0.376256999999896,0.3857,0.283746374588027,,,
BG10188,18):,0,0.880842000000484,0.1844,0.173326678648843,,,
BG10189,18):,0,2.38514799999939,0.029,0.0450718033439456,C,,C
BG10192,18):,0,5.61954199999946,8e-04,0.00284664021119656,C,,C
BG10193,18):,0,17.1909579999992,0,0,C,,C
BG10194,18):,0,0.0357750000002852,0.7891,0.450052977319288,,,
BG10197,18):,0,0.0960660000000644,0.6611,0.402299314005613,,,
BG10198,18):,0,0.0715139999992971,0.7053,0.419751006582106,,,
BG10200,18):,0,1.9061549999999,0.0509,0.0678738770829101,,,
BG10201,18):,0,0.227480999999898,0.5,0.336424012721003,,,
BG10203,18):,0,5.05483600000025,0.0015,0.00460961625108534,C,,C
BG10206,18):,0,5.56328200000007,9e-04,0.00313643992341889,C,,C
BG10207,18):,0,3.81331200000022,0.0058,0.0134750752265404,C,,C
BG10208,18):,0,3.33534500000042,0.0098,0.0205762580483230,C,,C
BG10209,18):,0,2.18831999999929,0.0364,0.0530370789349015,,,
BG10210,18):,0,3.17090000000007,0.0118,0.0233266350639718,C,,C
BG10212,18):,0,3.30909800000063,0.0101,0.021075241378419,C,,C
BG10213,18):,0,0.229827000000114,0.4978,0.33587939677569,,,
BG10214,18):,0,4.01565599999958,0.0046,0.0113917744715467,C,,C
BG10215,18):,0,3.64222900000004,0.007,0.0156706601030274,C,,C
BG10216,18):,0,10.8768639999998,0,0,C,,C
BG10217,18):,0,3.24799699999994,0.0108,0.0219928678967445,C,,C
BG10218,18):,0,1.50915499999996,0.0823,0.0964317872237449,,,
BG10219,18):,0,3.29860699999972,0.0102,0.0212184181896113,C,,C
BG10220,18):,0,0.0045799999998053,0.9238,0.488912683691015,,,
BG10221,18):,0,0.0306820000005246,0.8044,0.453196982623373,,,
BG10222,18):,0,1.77841900000021,0.0593,0.0757870870972393,,,
BG10223,18):,0,0.000642999999399763,0.9714,0.502864660432336,,,
BG10224,18):,0,0.0502239999996164,0.7513,0.43767399732958,,,
BG10226,18):,0,0.62507800000003,0.2635,0.219454776798288,,,
BG10227,18):,0,3.5287100000005,0.0079,0.0173409373255115,C,,C
BG10228,18):,0,10.4992560000001,0,0,C,,C
BG10229,18):,0,0.046118999999635,0.7614,0.440723515403427,,,
BG10231,18):,0,2.67598100000032,0.0207,0.0354298606032787,C,,C
BG10232,18):,0,0.0960660000000644,0.6611,0.402299314005613,,,
BG10234,18):,0,2.25020900000072,0.0339,0.0502609912289393,,,
BG10235,18):,0,1.34155199999987,0.1014,0.111470264855514,,,
BG10236,18):,0,5.67774899999995,8e-04,0.00284664021119656,C,,C
BG10237,18):,0,3.63508200000024,0.007,0.0156706601030274,C,,C
BG10238,18):,0,0.196355000000040,0.5309,0.347388526837112,,,
BG10241,18):,0,5.09680200000003,0.0014,0.00440236218708305,C,,C
BG10243,18):,0,0.00128200000017387,0.9596,0.499152886725219,,,
BG10248,18):,0,3.25080600000001,0.0108,0.0219928678967445,C,,C
BG10249,18):,0,0.958912000000055,0.1661,0.161039812376973,,,
BG10252,18):,0,3.5468350000001,0.0077,0.0169569813883574,C,,C
BG10258,18):,0,0.365983000000142,0.3922,0.286329935159110,,,
BG10260,18):,0,0.559655000000021,0.2901,0.232037306353335,,,
BG10261,18):,0,0.0471260000001621,0.7588,0.440349584258187,,,
BG10262,18):,0,0.190056999999797,0.5375,0.350425664860715,,,
BG10263,18):,0,0.00485000000116997,0.9215,0.488912683691015,,,
BG10264,18):,0,0.0842900000002373,0.6814,0.411074145752453,,,
BG10265,18):,0,0.32339999999931,0.4213,0.30045491691146,,,
BG10266,18):,0,0.000724999999874854,0.9696,0.502702690057012,,,
BG10268,18):,0,4.50000006821938e-05,0.9924,0.508823469544482,,2,2
BG10269,18):,0,0.957351000000017,0.1664,0.161039812376973,,,
BG10270,18):,0,0.0334329999998317,0.796,0.450962579951756,,,
BG10271,18):,0,8.58623100000023,0,0,C,,C
BG10272,18):,0,0.638234999998531,0.2586,0.217622811668155,,,
BG10273,18):,0,0.743019000000459,0.2228,0.19741804295605,,,
BG10274,18):,0,7.88125900000068,1e-04,0.000512179583453927,C,,C
BG10275,18):,0,6.90033600000061,2e-04,0.000883760849881286,C,,C
BG10276,18):,0,0.666786000000002,0.2482,0.211337939357065,,,
BG10277,18):,0,2.12222299999985,0.0394,0.0566753952686635,,,
BG10279,18):,0,1.79308099999980,0.0583,0.0752200229471,,,
BG10280,18):,0,0.0146749999998974,0.864,0.476061746964695,,,
BG10281,18):,0,0.897590000000491,0.1803,0.171685481892536,,,
BG10282,18):,0,2.68709399999989,0.0204,0.0352735852256965,C,,C
BG10283,18):,0,6.11185999999998,5e-04,0.00194275014413558,C,,C
BG10284,18):,0,1.90382700000009,0.051,0.0678738770829101,,,
BG10285,18):,0,12.0188660000003,0,0,C,,C
BG10287,18):,0,9.96047199999884,0,0,C,,C
BG10288,18):,0,0.0357240000003003,0.7892,0.450052977319288,,,
BG10289,18):,0,4.11276499999985,0.0041,0.0103817075118077,C,,C
BG10290,18):,0,2.32123599999977,0.0312,0.0471892706151376,C,,C
BG10291,18):,0,0.116336000000047,0.6295,0.390512028238736,,,
BG10292,18):,0,9.68986799999948,0,0,C,,C
BG10293,18):,0,1.70096100000046,0.0651,0.0813541884757169,,,
BG10294,18):,0,2.43108200000006,0.0275,0.0434395300920036,C,,C
BG10295,18):,0,4.54457600000023,0.0026,0.00738571567400789,C,,C
BG10296,18):,0,0.283609999999953,0.4514,0.312289765735444,,,
BG10298,18):,0,2.21729899999991,0.0352,0.0516223691227836,,,
BG10301,18):,0,2.59999997069826e-05,0.9942,0.508823469544482,,,
BG10302,18):,0,0.635627999999997,0.2595,0.217940365858768,,,
BG10305,18):,0,2.70468199999959,0.02,0.0347597455094696,C,,C
BG10306,18):,0,3.79850399999987,0.0058,0.0134750752265404,C,,C
BG10308,18):,0,7.22328300000027,1e-04,0.000512179583453927,C,,C
BG10309,18):,0,0.0328479999998308,0.7977,0.450962579951756,,,
BG10312,18):,0,1.77135999999973,0.0598,0.0759793908152628,,,
BG10313,18):,0,0.313571999999112,0.4284,0.302023205585131,,,
BG10314,18):,0,0.781918000000587,0.2111,0.191313492343973,,,
BG10322,18):,0,19.1517119999990,0,0,C,,C
BG10324,18):,0,1.57826100000011,0.0756,0.0909455960712354,,,
BG10325,18):,0,0.678668000000016,0.244,0.209506766494196,,,
BG10326,18):,0,4.22522099999969,0.0036,0.00939720996360255,C,,C
BG10327,18):,0,9.85100599999987,0,0,C,,C
BG10328,18):,0,0.372268000000076,0.3882,0.285275120512821,,,
BG10329,18):,0,1.61974999999984,0.0719,0.0875854773089104,,,
BG10330,18):,0,1.41511100000025,0.0925,0.104228545232874,,,
BG10331,18):,0,2.08872699999938,0.041,0.0583561243295295,,,
BG10332,18):,0,12.8309180000006,0,0,C,,C
BG10333,18):,0,0.00686100000007173,0.9067,0.486121380951096,,,
BG10334,18):,0,0.167933000000176,0.5622,0.361646543862505,,,
BG10337,18):,0,7.66848700000082,1e-04,0.000512179583453927,C,,C
BG10338,18):,0,0.878700999999637,0.1849,0.173326678648843,,,
BG10339,18):,0,6.9352399999998,2e-04,0.000883760849881286,C,,C
BG10340,18):,0,0.108267000000524,0.6417,0.394757637021973,,,
BG10341,18):,0,0.225481999999829,0.5019,0.336430413166428,,,
BG10342,18):,0,0.0518860000001951,0.7473,0.436297391695991,,,
BG10343,18):,0,2.67490499999985,0.0207,0.0354298606032787,C,,C
BG10345,18):,0,5.72756699999991,7e-04,0.00257203225604037,C,,C
BG10346,18):,0,11.4828370000014,0,0,C,,C
BG10347,18):,0,0.164703000000372,0.566,0.363607695033479,,,
BG10348,18):,0,0.508597000000009,0.3132,0.242273835365968,,,
BG10349,18):,0,6.05144700000164,5e-04,0.00194275014413558,C,,C
BG10350,18):,0,3.67246999999952,0.0067,0.0151495526289850,C,,C
BG10351,18):,0,0.573424000000159,0.2842,0.228739401970524,,,
BG10352,18):,0,0.311187000000245,0.4302,0.302023205585131,,,
BG10353,18):,0,3.00475200000028,0.0142,0.027119474893391,C,,C
BG10354,18):,0,0.128804999999829,0.6118,0.38405193991401,,,
BG10355,18):,0,0.0100899999999911,0.887,0.481284384824395,,,
BG10356,18):,0,1.68919000000005,0.0661,0.0821483327491214,,,
BG10357,18):,0,0.0280070000007981,0.8129,0.457223822025291,,,
BG10358,18):,0,2.24277600000096,0.0342,0.0505948251979083,,,
BG10361,18):,0,0.0356259999998656,0.7895,0.450052977319288,,,
BG10362,18):,0,0.446525999999722,0.3447,0.258937510210967,,,
BG10363,18):,0,1.44416599999977,0.0892,0.101810591195978,,,
BG10367,18):,0,5.11355900000035,0.0014,0.00440236218708305,C,,C
BG10368,18):,0,-0.256736000000274,1,0.509477807203605,,,
BG10369,18):,0,1.96849100000009,0.0472,0.0648594243242143,,,
BG10370,18):,0,1.9540649999999,0.0481,0.0651689501255646,,,
BG10372,18):,0,1.38379399999985,0.0962,0.107082598569621,,,
BG10375,18):,0,1.50398700000005,0.0829,0.0969667603082981,,,
BG10376,18):,0,0.0435330000000249,0.7679,0.442968913666584,,,
BG10382,18):,0,0.177800999999818,0.551,0.356911804108892,,,
BG10394,18):,0,0.236761999999544,0.4914,0.332890042533289,,,
BG10395,18):,0,26.3392060000006,0,0,C,,C
BG10397,18):,0,4.06498699999975,0.0044,0.0110175519285200,C,,C
BG10401,18):,0,19.0600309999991,0,0,C,,C
BG10402,18):,0,0.110340000000178,0.6385,0.393864230407517,,,
BG10404,18):,0,6.61203399999977,3e-04,0.00125977090091773,C,,C
BG10408,18):,0,2.06966400000010,0.0419,0.0595118243732558,,,
BG10410,18):,0,3.04440500000055,0.0136,0.0261211587561503,C,,C
BG10411,18):,0,0.332816999999977,0.4146,0.298193132974465,,,
BG10412,18):,0,9.16690800000015,0,0,C,,C
BG10413,18):,0,0.0103070000000116,0.8858,0.481284384824395,,,
BG10414,18):,0,0.00382799999988492,0.9303,0.490445007848757,,,
BG10415,18):,0,1.55878099999973,0.0775,0.091922756819889,,,
BG10419,18):,0,2.78137800000013,0.0183,0.0324729921730001,C,,C
BG10422,18):,0,1.60057299999994,0.0736,0.0888558408780641,,,
BG10423,18):,0,1.25721399999929,0.1128,0.121629172660217,,,
BG10428,18):,0,1.5625,0.0771,0.091922756819889,,,
BG10429,18):,0,3.80911999999989,0.0058,0.0134750752265404,C,,C
BG10430,18):,0,0.0326349999995728,0.7984,0.450962579951756,,,
BG10431,18):,0,0.368132999999943,0.3909,0.286162050126901,,,
BG10432,18):,0,1.77914300000020,0.0592,0.0757870870972393,,,
BG10433,18):,0,2.77078799999799,0.0186,0.0326624237219761,C,,C
BG10438,18):,0,0.0148319999998421,0.8633,0.476061746964695,,,
BG10439,18):,0,0.448115999999573,0.3438,0.25883662566228,,,
BG10442,18):,0,0.292310999999927,0.4445,0.308221793636674,,,
BG10443,18):,0,0.726846999999907,0.2279,0.200101246404257,,,
BG10445,18):,0,0.121737000000394,0.6217,0.388463125770762,,,
BG10446,18):,0,1.55078999999978,0.0782,0.0924287155986856,,,
BG10447,18):,0,0.527720000000045,0.3043,0.238113711068796,,,
BG10457,18):,0,7.00115700000015,2e-04,0.000883760849881286,C,,C
BG10460,18):,0,1.91753099999914,0.0502,0.0670732567549229,,,
BG10461,18):,0,0.303417999999510,0.436,0.304583885923987,,,
BG10462,18):,0,0.164367999999740,0.5664,0.363607695033479,,,
BG10466,18):,0,3.11837100000048,0.0125,0.0244247489219358,C,,C
BG10467,18):,0,0.563239000000067,0.2885,0.231648727993972,,,
BG10468,18):,0,10.4529170000005,0,0,C,,C
BG10477,18):,0,0.337626,0.4112,0.296378340112427,,,
BG10479,18):,0,0.696512999999868,0.2379,0.206733586417570,,,
BG10480,18):,0,9.53579499999978,0,0,C,,C
BG10481,18):,0,2.70580500000005,0.02,0.0347597455094696,C,,C
BG10483,18):,0,7.05501600000025,2e-04,0.000883760849881286,C,,C
BG10484,18):,0,13.8153230000007,0,0,C,,C
BG10485,18):,0,12.4237190000001,0,0,C,,C
BG10490,18):,0,17.6757269999998,0,0,C,,C
BG10494,18):,0,0.00367099999994025,0.9317,0.490445007848757,,,
BG10508,18):,0,1.95748300000014,0.0479,0.0651689501255646,,,
BG10510,18):,0,0.00466300000061892,0.9231,0.488912683691015,,,
BG10511,18):,0,0.0466630000000805,0.76,0.440667717084888,,,
BG10512,18):,0,0.154174999999668,0.5787,0.369448337041661,,,
BG10518,18):,0,0.270628000000215,0.4619,0.317680558971034,,,
BG10519,18):,0,1.04570199999989,0.1481,0.148556396333197,,,
BG10520,18):,0,0.71375800000078,0.2322,0.203348563532335,,,
BG10521,18):,0,0.099931000000197,0.6548,0.400266955193701,,,
BG10522,18):,0,0.281167999999980,0.4533,0.312289765735444,,,
BG10523,18):,0,12.4828490000000,0,0,C,,C
BG10524,18):,0,0.0102209999995466,0.8863,0.481284384824395,,,
BG10525,18):,0,0.594951000000037,0.2753,0.225059264702325,,,
BG10528,18):,0,3.69999997928971e-05,0.9931,0.508823469544482,,,
BG10529,18):,0,2.38580499999989,0.0289,0.0450718033439456,C,,C
BG10530,18):,0,0.0461699999996199,0.7612,0.440723515403427,,,
BG10531,18):,0,4.42090800000005,0.0029,0.00790573969944206,C,,C
BG10532,18):,0,0.296605999999883,0.4412,0.306877772150444,,,
BG10534,18):,0,0.397546000000148,0.3726,0.277035744044372,,,
BG10540,18):,0,5.97123899999951,5e-04,0.00194275014413558,C,,C
BG10541,18):,0,0.176706999999624,0.5522,0.356911804108892,,,
BG10543,18):,0,0.125038000000131,0.617,0.386956901621722,,,
BG10553,18):,0,0.398145999999997,0.3722,0.277035744044372,,,
BG10569,18):,0,0.324991999999838,0.4201,0.299915489727427,,,
BG10571,18):,0,7.54862700000012,1e-04,0.000512179583453927,C,,C
BG10572,18):,0,12.7411159999992,0,0,C,,C
BG10583,18):,0,0.343029999999999,0.4075,0.294024971120456,,,
BG10584,18):,0,5.31298000000061,0.0011,0.00369992415510001,C,,C
BG10585,18):,0,5.40000000910368e-05,0.9917,0.508823469544482,,,
BG10590,18):,0,0.320427999999993,0.4234,0.301000024224393,,,
BG10591,18):,0,0.153100999999879,0.58,0.369928951973893,,,
BG10603,18):,0,2.05436899999995,0.0427,0.0601426875870774,,,
BG10605,18):,0,0.160648999999921,0.5708,0.365094399461553,,,
BG10608,18):,0,0.00361900000007154,0.9322,0.490445007848757,,2,2
BG10633,18):,0,0.255353000000014,0.4748,0.323916633113603,,,
BG10638,18):,0,0.0271670000001905,0.8157,0.458417331516913,,,
BG10639,18):,0,3.27752199999941,0.0105,0.0217088961060288,C,,C
BG10643,18):,0,2.52860499999997,0.0245,0.0403997261680488,C,,C
BG10644,18):,0,0.221927999999934,0.5053,0.337570882851221,,,
BG10646,18):,0,0.00716399999964779,0.9047,0.485434053396042,,,
BG10647,18):,0,1.42643299999963,0.0912,0.103107402967421,,,
BG10649,18):,0,0.0880360000010114,0.6748,0.409530335231074,,2,2
BG10650,18):,0,3.24981999999909,0.0108,0.0219928678967445,C,,C
BG10655,18):,0,6.33223499999986,4e-04,0.00161934622792619,C,,C
BG10662,18):,0,3.88242100000025,0.0053,0.012661513660225,C,,C
BG10663,18):,0,0.511037000000215,0.312,0.241899128038607,,,
BG10664,18):,0,0.813200999999935,0.2022,0.184983463521227,,,
BG10665,18):,0,1.00418699999955,0.1564,0.154110139817945,,,
BG10670,18):,0,0.460186999998768,0.3374,0.255954282330444,,,
BG10671,18):,0,4.44399000000021,0.0029,0.00790573969944206,C,,C
BG10672,18):,0,0.296776999999565,0.441,0.306877772150444,,,
BG10674,18):,0,0.0136640000000625,0.8687,0.476379352131629,,,
BG10675,18):,0,1.63071199999922,0.0709,0.086836708072982,,,
BG10676,18):,0,1.47364800000105,0.086,0.0992194988288221,,,
BG10678,18):,0,0.0734979999997449,0.7014,0.418773939807339,,,
BG10680,18):,0,0.0987860000000182,0.6567,0.400703789566368,,,
BG10694,18):,0,1.37608400000045,0.0971,0.107618166508945,,,
BG10700,18):,0,1.95144100000016,0.0482,0.0651738276353453,,,
BG10701,18):,0,0.659778999999617,0.2507,0.213185099987381,,,
BG10702,18):,0,0.205574999999953,0.5214,0.344647293898352,,,
BG10703,18):,0,0.0715159999999742,0.7053,0.419751006582106,,2,2
BG10704,18):,0,0.45951500000001,0.3377,0.255954282330444,,,
BG10705,18):,0,3.63329499999963,0.007,0.0156706601030274,C,,C
BG10706,18):,0,2.95344300000033,0.0151,0.0279692149517909,C,,C
BG10707,18):,0,0.861816999999974,0.1892,0.175705738860052,,,
BG10708,18):,0,1.22550299999966,0.1174,0.124211965084019,,,
BG10709,18):,0,0.38168399999995,0.3823,0.281551477424680,,,
BG10710,18):,0,0.0530749999998079,0.7446,0.435473158779003,,,
BG10711,18):,0,0.204287999999906,0.5227,0.344766316212883,,,
BG10712,18):,0,1.38856199999964,0.0956,0.106831348752426,,,
BG10713,18):,0,3.45961799999986,0.0085,0.0183599198925018,C,,C
BG10714,18):,0,5.02460799999972,0.0015,0.00460961625108534,C,,C
BG10715,18):,0,0.561312999999245,0.2894,0.231900836517872,,,
BG10716,18):,0,0.0718460000007326,0.7046,0.419751006582106,,,
BG10717,18):,0,0.000592000000324333,0.9726,0.503100641916467,,,
BG10718,18):,0,4.29008400000021,0.0034,0.00897914832242665,C,,C
BG10719,18):,0,0.258765000000494,0.4719,0.322263393909211,,,
BG10720,18):,0,1.75098100000014,0.0613,0.0773200059230559,,,
BG10722,18):,0,0.156850000000304,0.5754,0.36768878512438,,,
BG10723,18):,0,4.88651700000082,0.0018,0.00538468447029438,C,,C
BG10726,18):,0,1.82891599999994,0.0558,0.073078848774432,,,
BG10727,18):,0,2.47838499999989,0.026,0.0421534851418196,C,,C
BG10728,18):,0,5.25842999999986,0.0012,0.00393831291354864,C,,C
BG10729,18):,0,2.24893200000042,0.0339,0.0502609912289393,,,
BG10732,18):,0,0.0665100000001075,0.7153,0.424208696472688,,,
BG10733,18):,0,1.89636299999984,0.0515,0.0684046524227857,,,
BG10734,18):,0,2.77349000000004,0.0185,0.0326564632583418,C,,C
BG10735,18):,0,2.03186899999946,0.0438,0.0614360472966229,,,
BG10740,18):,0,0.728335999999672,0.2275,0.200009790521735,,,
BG10744,18):,0,19.1132650000000,0,0,C,,C
BG10746,18):,0,4.17123200000015,0.0039,0.0100637423496978,C,,C
BG10748,18):,0,1.18949699999939,0.123,0.128329440076512,,,
BG10754,18):,0,0.490319,0.322,0.24689843294362,,,
BG10756,18):,0,1.82381599999997,0.0561,0.073078848774432,,,
BG10757,18):,0,0.592710000000011,0.2763,0.225494938925228,,,
BG10759,18):,0,0.268234000000120,0.4639,0.318731853220371,,,
BG10760,18):,0,0.788418999999976,0.2092,0.190101235071641,,,
BG10761,18):,0,0.0236469999999827,0.8278,0.463291872617361,,,
BG10762,18):,0,0.0329510000001392,0.7974,0.450962579951756,,,
BG10763,18):,0,0.711526999999478,0.2329,0.203434554240405,,2,2
BG10765,18):,0,2.20025899999973,0.0359,0.0524215250555393,,,
BG10766,18):,0,0.177604999999858,0.5512,0.356911804108892,,,
BG10768,18):,0,2.85864100000026,0.0168,0.0303692364777387,C,,C
BG10778,18):,0,2.10374899999988,0.0402,0.0573381802033738,,,
BG10779,18):,0,3.26478299999962,0.0106,0.0218488314990468,C,,C
BG10780,18):,0,19.3127860000000,0,0,C,,C
BG10781,18):,0,0.00171600000066974,0.9533,0.49691923817791,,,
BG10782,18):,0,0.53173599999991,0.3024,0.237332848466553,,,
BG10783,18):,0,0.00862200000028679,0.8955,0.482735175018043,,,
BG10784,18):,0,2.59259099999963,0.0228,0.038344668516491,C,,C
BG10785,18):,0,0.396626000000651,0.3731,0.277035744044372,,,
BG10787,18):,0,0.114585999999917,0.6321,0.391344600188297,,,
BG10795,18):,0,1.12236499999972,0.1341,0.138204165284065,,,
BG10799,18):,0,0.0347499999998035,0.7921,0.450509543180085,,,
BG10804,18):,0,2.48948800000016,0.0257,0.0418679040700988,C,,C
BG10809,18):,0,0.601410999999871,0.2728,0.224099415897236,,,
BG10811,18):,0,7.59184299999833,1e-04,0.000512179583453927,C,,C
BG10812,18):,0,0.76256900000044,0.2168,0.193880296923956,,,
BG10815,18):,0,0.891947999999957,0.1817,0.172049299739389,,,
BG10818,18):,0,0.859137999999803,0.1899,0.17587264633593,,,
BG10820,18):,0,0.0969490000006772,0.6597,0.402171352560878,,,
BG10821,18):,0,1.13919600000008,0.1312,0.135836614059548,,,
BG10822,18):,0,0.505560000000060,0.3146,0.242986871391305,,,
BG10829,18):,0,1.42038500000012,0.0919,0.103725343755641,,,
BG10830,18):,0,1.47638800000004,0.0857,0.0992194988288221,,,
BG10848,18):,0,2.45021999999972,0.0268,0.0427331720383635,C,,C
BG10850,18):,0,0.0641000000005079,0.7203,0.42628935262443,,,
BG10855,18):,0,0.317528999999922,0.4255,0.301541703189447,,,
BG10856,18):,0,0.74376299999949,0.2226,0.19741804295605,,,
BG10867,18):,0,15.0833579999999,0,0,C,,C
BG10868,18):,0,5.55407699999978,9e-04,0.00313643992341889,C,,C
BG10871,18):,0,0.725248999999167,0.2284,0.200280153380490,,,
BG10872,18):,0,0.0076310000004014,0.9017,0.48459354223254,,,
BG10874,18):,0,0.0475930000002336,0.7577,0.440088987032314,,,
BG10875,18):,0,2.3216680000005,0.0312,0.0471892706151376,C,,C
BG10876,18):,0,0.147033999999621,0.5876,0.37301678373102,,,
BG10877,18):,0,0.00213600000006409,0.9479,0.494867518027714,,,
BG10878,18):,0,0.810805000000073,0.2029,0.185146706997771,,,
BG10879,18):,0,4.00208100000054,0.0047,0.0115547714027206,C,,C
BG10880,18):,0,0.000183000000106404,0.9847,0.507006413983357,,,
BG10894,18):,0,0.784676000000218,0.2103,0.190844300199297,,,
BG10895,18):,0,7.21714200000042,1e-04,0.000512179583453927,C,,C
BG10896,18):,0,7.66125600000032,1e-04,0.000512179583453927,C,,C
BG10898,18):,0,2.43589200000042,0.0273,0.0432245982888658,C,,C
BG10899,18):,0,0.178519000000051,0.5502,0.356911804108892,,,
BG10905,18):,0,0.523723999999675,0.3061,0.238969035858806,,,
BG10912,18):,0,6.75412200000028,2e-04,0.000883760849881286,C,,C
BG10914,18):,0,0.0477890000001935,0.7572,0.440088987032314,,,
BG10921,18):,0,7.10891199999969,2e-04,0.000883760849881286,C,,C
BG10932,18):,0,0.487512000000606,0.3234,0.247334070160045,,,
BG10937,18):,0,13.8521860000001,0,0,C,,C
BG10938,18):,0,2.48694599999999,0.0257,0.0418679040700988,C,,C
BG10939,18):,0,2.46405099999993,0.0264,0.0423953304612885,C,,C
BG10943,18):,0,0.311842000000070,0.4297,0.302023205585131,,,
BG10944,18):,0,0.483663999999408,0.3253,0.248225580605849,,,
BG10945,18):,0,0.00453000000015891,0.9242,0.488912683691015,,,
BG10946,18):,0,1.8250850000004,0.0561,0.073078848774432,,,
BG10948,18):,0,0.894260000000031,0.1811,0.171962856437961,,,
BG10950,18):,0,4.44559599999957,0.0029,0.00790573969944206,C,,C
BG10952,18):,0,3.89606400000048,0.0052,0.0125110343801699,C,,C
BG10953,18):,0,0.0302189999997609,0.8058,0.453607732737943,,,
BG10954,18):,0,0.83086899999762,0.1974,0.181478135008854,,,
BG10955,18):,0,18.0671179999999,0,0,C,,C
BG10956,18):,0,2.52423199999976,0.0246,0.0404659256299657,C,,C
BG10957,18):,0,3.94448199999988,0.005,0.0122035568620791,C,,C
BG10958,18):,0,1.95487400000002,0.048,0.0651689501255646,,,
BG10963,18):,0,1.79844000000048,0.0579,0.0749901555636336,,,
BG10965,18):,0,0.534302000000025,0.3013,0.237020035608132,,,
BG10966,18):,0,1.60299299999997,0.0734,0.0888558408780641,,,
BG10967,18):,0,0.0793739999999161,0.6903,0.414472458014995,,,
BG10968,18):,0,2.98193499999979,0.0146,0.0274186803675669,C,,C
BG10973,18):,0,0.387429000000338,0.3787,0.280120764655670,,,
BG10976,18):,0,1.13134099999934,0.1325,0.136972796859468,,,
BG10979,18):,0,0.145381000000270,0.5897,0.373648206634368,,,
BG10980,18):,0,2.75476799999979,0.0189,0.0331032545285196,C,,C
BG10982,18):,0,5.1374220000007,0.0013,0.00416540362657317,C,,C
BG10983,18):,0,1.82663299999967,0.056,0.073078848774432,,,
BG10985,18):,0,7.73290400000042,1e-04,0.000512179583453927,C,,C
BG10986,18):,0,1.00591399999939,0.1561,0.154066609532626,,,
BG10991,18):,0,0.668702999999823,0.2475,0.211007654368724,,,
BG10992,18):,0,3.0020540000005,0.0143,0.0272335262458488,C,,C
BG11004,18):,0,1.92996399999993,0.0495,0.0662689385799596,,,
BG11005,18):,0,0.295904999999948,0.4417,0.306909797590248,,,
BG11007,18):,0,1.21441400000003,0.1191,0.125813713553061,,,
BG11008,18):,0,3.31863500000054,0.01,0.0209311780235041,C,,C
BG11009,18):,0,0.196470999999292,0.5308,0.347388526837112,,,
BG11010,18):,0,0.361984999999549,0.3948,0.287460102059072,,,
BG11011,18):,0,6.7544969999999,2e-04,0.000883760849881286,C,,C
BG11023,18):,0,2.52934699999969,0.0245,0.0403997261680488,C,,C
BG11024,18):,0,0.862284999999929,0.1891,0.175705738860052,,,
BG11027,18):,0,3.0195819999999,0.014,0.0268132541139619,C,,C
BG11038,18):,0,0.509554999999636,0.3127,0.242164139272367,,,
BG11041,18):,0,0.00259899999991831,0.9425,0.493190882178816,,,
BG11042,18):,0,0.0780220000000327,0.6928,0.415604419121812,,,
BG11052,18):,0,0.0818589999998949,0.6858,0.41287056188706,,,
BG11053,18):,0,0.0225829999999405,0.8317,0.464705192245779,,,
BG11054,18):,0,5.73124800000005,7e-04,0.00257203225604037,C,,C
BG11055,18):,0,0.000310999999783235,0.9801,0.506592596988544,,,
BG11056,18):,0,0.0388600000001134,0.7804,0.447356746410416,,,
BG11067,18):,0,0.00876299999981711,0.8947,0.482735175018043,,,
BG11077,18):,0,1.59990499999913,0.0736,0.0888558408780641,,,
BG11079,18):,0,2.9397469999999,0.0153,0.0282622373427200,C,,C
BG11085,18):,0,3.94750899999963,0.005,0.0122035568620791,C,,C
BG11086,18):,0,1.77046300000075,0.0599,0.0759793908152628,,,
BG11087,18):,0,0.770221000000674,0.2146,0.192933690111916,,,
BG11088,18):,0,2.90411399999994,0.016,0.0293149940448426,C,,C
BG11089,18):,0,0.0689290000000256,0.7104,0.422414368015025,,,
BG11096,18):,0,0.352618999999322,0.401,0.290887228662910,,,
BG11097,18):,0,0.313351999999895,0.4286,0.302023205585131,,,
BG11103,18):,0,34.7952290000012,0,0,C,,C
BG11117,18):,0,1.00320499999907,0.1566,0.154110139817945,,,
BG11144,18):,0,1.23403099999996,0.1162,0.123522253503926,,,
BG11172,18):,0,0.589426000000003,0.2776,0.226119264005047,,,
BG11185,18):,0,0.0674760000001697,0.7134,0.423825454818595,,,
BG11186,18):,0,0.135591000000204,0.6025,0.379875911967355,,,
BG11187,18):,0,0.0123100000000704,0.8753,0.478332704551235,,,
BG11189,18):,0,0.287152000000788,0.4486,0.310746070390789,,,
BG11200,18):,0,8.17395300000044,1e-04,0.000512179583453927,C,,C
BG11206,18):,0,0.93719400000009,0.171,0.16454734464045,,,
BG11207,18):,0,0.0743809999994482,0.6997,0.418773939807339,,,
BG11208,18):,0,0.874539999998888,0.186,0.173928535725599,,,
BG11210,18):,0,0.00992200000018784,0.888,0.481440593858344,,,
BG11211,18):,0,0.00391300000001138,0.9295,0.490445007848757,,,
BG11212,18):,0,8.42682700000023,0,0,C,,C
BG11213,18):,0,1.11400400000002,0.1355,0.139434460116544,,,
BG11214,18):,0,0.0381229999993593,0.7825,0.447951136113091,,,
BG11217,18):,0,0.0138839999999618,0.8677,0.476379352131629,,,
BG11218,18):,0,1.83492700000033,0.0554,0.0728690050171571,,,
BG11219,18):,0,0.222287999999935,0.5049,0.337570882851221,,,
BG11220,18):,0,0.00409300000001167,0.9279,0.490103042845864,,,
BG11221,18):,0,0.00214200000004894,0.9478,0.494867518027714,,,
BG11227,18):,0,11.7355200000002,0,0,C,,C
BG11231,18):,0,1.83098999999947,0.0557,0.073078848774432,,,
BG11234,18):,0,0.677357000000484,0.2445,0.209506766494196,,,
BG11236,18):,0,1.19847899999968,0.1216,0.127656784626330,,,
BG11238,18):,0,4.51387200000045,0.0027,0.00751196722399093,C,,C
BG11240,18):,0,2.23592399999961,0.0345,0.0508162488681739,,,
BG11244,18):,0,0.499211000000287,0.3177,0.244356858743541,,,
BG11245,18):,0,0.809451999999965,0.2032,0.185146706997771,,,
BG11246,18):,0,1.05826000000161,0.1457,0.146583967571716,,,
BG11247,18):,0,0.163549999999304,0.5674,0.363607695033479,,,
BG11248,18):,0,0.0150149999999485,0.8624,0.476061746964695,,,
BG11249,18):,0,1.04623900000001,0.148,0.148556396333197,,,
BG11251,18):,0,0.0732849999999416,0.7018,0.418773939807339,,,
BG11252,18):,0,3.89816699999983,0.0052,0.0125110343801699,C,,C
BG11306,18):,0,0.773619000001418,0.2135,0.192200333167757,,,
BG11310,18):,0,0.0845680000002176,0.6809,0.411074145752453,,,
BG11311,18):,0,9.75434999999925,0,0,C,,C
BG11314,18):,0,7.30119699999977,1e-04,0.000512179583453927,C,,C
BG11316,18):,0,9.61003399999936,0,0,C,,C
BG11319,18):,0,2.41157399999975,0.0281,0.0442838347540164,C,,C
BG11320,18):,0,4.97222599999986,0.0016,0.00487262738853466,C,,C
BG11322,18):,0,2.4047759999994,0.0283,0.044392066170545,C,,C
BG11323,18):,0,5.77112099999977,7e-04,0.00257203225604037,C,,C
BG11325,18):,0,1.35666300000003,0.0995,0.109738444520128,,,
BG11326,18):,0,1.99973799999998,0.0455,0.063295279387331,,,
BG11327,18):,0,0.168835000000399,0.5612,0.361646543862505,,,
BG11330,18):,0,1.72260999999980,0.0634,0.0793764536668374,,,
BG11331,18):,0,1.19123600000057,0.1227,0.128214303020915,,,
BG11332,18):,0,1.61342599999989,0.0724,0.0880359324308001,,,
BG11337,18):,0,3.22731400000066,0.0111,0.0222684132248277,C,,C
BG11341,18):,0,0.205434999999852,0.5215,0.344647293898352,,2,2
BG11347,18):,0,3.45337400000017,0.0086,0.0185167599725127,C,,C
BG11349,18):,0,0.121348000000125,0.6223,0.388478991979741,,,
BG11350,18):,0,1.36924499999986,0.098,0.108260704110457,,,
BG11356,18):,0,3.83725200000026,0.0056,0.0132843209855840,C,,C
BG11365,18):,0,0.249245999999857,0.4802,0.326611870710704,,,
BG11366,18):,0,1.55248699999993,0.0781,0.0924287155986856,,,
BG11373,18):,0,0.366448000000219,0.3919,0.286329935159110,,,
BG11374,18):,0,4.90210800000023,0.0017,0.00510813771231383,C,,C
BG11375,18):,0,0.0211280000003171,0.8371,0.465414554842313,,,
BG11376,18):,0,0.409005000000434,0.3658,0.273571886004678,,,
BG11377,18):,0,1.9894919999997,0.0461,0.0638671147793819,,,
BG11379,18):,0,0.0029739999999947,0.9385,0.492240738226838,,,
BG11383,18):,0,0.0232619999997041,0.8292,0.463691554997514,,,
BG11384,18):,0,1.66688599999998,0.0679,0.0837694009230083,,,
BG11386,18):,0,0.118391999999858,0.6265,0.390379974124174,,,
BG11387,18):,0,0.117883999999322,0.6273,0.390512028238736,,,
BG11388,18):,0,0.0182980000000725,0.8483,0.470095214467242,,,
BG11389,18):,0,0.0200830000003407,0.8412,0.466926120356244,,,
BG11390,18):,0,0.544229000000087,0.2968,0.234457525446102,,,
BG11391,18):,0,2.96212999999989,0.0149,0.0277508210671400,C,,C
BG11395,18):,0,0.311096000000362,0.4302,0.302023205585131,,2,2
BG11403,18):,0,1.784681000001,0.0589,0.0757870870972393,,,
BG11405,18):,0,0.75387099999989,0.2195,0.195518988814151,,,
BG11407,18):,0,4.93024799999876,0.0017,0.00510813771231383,C,,C
BG11408,18):,0,1.29691500000035,0.1073,0.117004947551743,,,
BG11409,18):,0,0.9120640000001,0.1768,0.168590158629258,,,
BG11410,18):,0,0.00911599999994905,0.8926,0.482735175018043,,,
BG11411,18):,0,0.222603000000163,0.5046,0.337570882851221,,,
BG11413,18):,0,0.00892800000019633,0.8937,0.482735175018043,,,
BG11415,18):,0,14.4962409999998,0,0,C,,C
BG11416,18):,0,7.00774099999944,2e-04,0.000883760849881286,C,,C
BG11417,18):,0,2.05318799999986,0.0427,0.0601426875870774,,,
BG11418,18):,0,0.87205400000039,0.1866,0.174248587789646,,,
BG11421,18):,0,0.658847000000151,0.251,0.213185099987381,,,
BG11422,18):,0,1.54152699999986,0.0791,0.0933293100656045,,,
BG11423,18):,0,0.773672999999917,0.2135,0.192200333167757,,,
BG11424,18):,0,17.2084410000007,0,0,C,,C
BG11430,18):,0,0.0330149999999776,0.7972,0.450962579951756,,,
BG11434,18):,0,0.00577900000007503,0.9144,0.487916489432704,,,
BG11435,18):,0,4.11067400000047,0.0041,0.0103817075118077,C,,C
BG11436,18):,0,15.8067819999997,0,0,C,,C
BG11439,18):,0,6.83602399999927,2e-04,0.000883760849881286,C,,C
BG11441,18):,0,9.1593299999995,0,0,C,,C
BG11443,18):,0,2.31460500000048,0.0314,0.0473857575334785,C,,C
BG11444,18):,0,6.85840599999983,2e-04,0.000883760849881286,C,,C
BG11446,18):,0,2.78667399999995,0.0182,0.0323805324023609,C,,C
BG11450,18):,0,1.17886099999987,0.1247,0.129902631979738,,,
BG11453,18):,0,9.80001700000003,0,0,C,,C
BG11454,18):,0,0.426987999999938,0.3554,0.266088353960768,,,
BG11455,18):,0,1.06169199999931,0.1451,0.146197883722947,,,
BG11457,18):,0,3.2047849999999,0.0114,0.0226684657994550,C,,C
BG11458,18):,0,8.06820200000038,1e-04,0.000512179583453927,C,,C
BG11459,18):,0,0.0107299999999668,0.8835,0.481284384824395,,,
BG11460,18):,0,9.9428210000001,0,0,C,,C
BG11461,18):,0,0.0335279999999329,0.7957,0.450962579951756,,2,2
BG11462,18):,0,2.01140200000009,0.0449,0.062718718082949,,,
BG11474,18):,0,8.26993799999991,0,0,C,,C
BG11492,18):,0,0.962312999999995,0.1653,0.160568299412806,,,
BG11493,18):,0,0.000793000000157917,0.9682,0.502362087462871,,,
BG11494,18):,0,1.08369800000037,0.141,0.143348667778113,,,
BG11495,18):,0,1.94186499999978,0.0488,0.0657222311708529,,,
BG11496,18):,0,1.19315599999936,0.1224,0.128098809503845,,,
BG11497,18):,0,0.0134750000001986,0.8696,0.476431606822063,,,
BG11498,18):,0,1.15764500000023,0.1281,0.133239184808294,,,
BG11499,18):,0,0.00568599999996877,0.9151,0.487916489432704,,,
BG11500,18):,0,11.8667489999998,0,0,C,,C
BG11501,18):,0,0.517880000000105,0.3088,0.240244641069224,,,
BG11502,18):,0,4.42210399999976,0.0029,0.00790573969944206,C,,C
BG11503,18):,0,0.214057000000139,0.5129,0.341299132900241,,,
BG11509,18):,0,2.9883549999995,0.0145,0.0273067332236996,C,2,C2
BG11510,18):,0,2.47085099999913,0.0262,0.042376121325767,C,,C
BG11511,18):,0,0.452820000000429,0.3413,0.257391652875542,,,
BG11514,18):,0,0.212165999999797,0.5148,0.342226613000932,,,
BG11516,18):,0,0.368742999999995,0.3905,0.286162050126901,,,
BG11517,18):,0,2.22659800000110,0.0348,0.05114669857726,,,
BG11518,18):,0,4.31129899999996,0.0033,0.00881839630642413,C,,C
BG11519,18):,0,2.23757300000034,0.0344,0.0507795863001657,,,
BG11520,18):,0,10.2145670000000,0,0,C,,C
BG11522,18):,0,5.13448400000016,0.0014,0.00440236218708305,C,,C
BG11525,18):,0,2.27862999999979,0.0328,0.0492785049893805,C,,C
BG11530,18):,0,0.238163999999870,0.4901,0.33234238945137,,,
BG11532,18):,0,0.350062999999864,0.4027,0.291494890898397,,,
BG11533,18):,0,16.7608680000012,0,0,C,,C
BG11534,18):,0,0.03974400000061,0.778,0.44685364283017,,,
BG11535,18):,0,0.0141530000000785,0.8664,0.476379352131629,,,
BG11536,18):,0,0.116328000000067,0.6296,0.390512028238736,,,
BG11537,18):,0,1.35034100000030,0.1003,0.110440599561834,,,
BG11538,18):,0,1.25879200000054,0.1126,0.121607469405629,,,
BG11539,18):,0,1.61929500000042,0.0719,0.0875854773089104,,,
BG11562,18):,0,2.39505500000087,0.0286,0.0447588047096126,C,,C
BG11567,18):,0,2.80523999999969,0.0179,0.0320152888831994,C,,C
BG11569,18):,0,0.671631000000161,0.2465,0.210953155524353,,,
BG11570,18):,0,2.27649899999960,0.0329,0.0493191462311245,C,,C
BG11572,18):,0,2.26375099999996,0.0334,0.0499579059188423,C,,C
BG11577,18):,0,0.00584500000013577,0.9139,0.487916489432704,,,
BG11579,18):,0,1.76596100000097,0.0602,0.0762169258793686,,,
BG11586,18):,0,0.550525999999991,0.294,0.233294193364789,,,
BG11597,18):,0,2.16335700000036,0.0375,0.0542888423575361,,,
BG11604,18):,0,53.4935949999999,0,0,C,,C
BG11605,18):,0,2.538544,0.0242,0.0403652882527473,C,,C
BG11608,18):,0,0.645470999999816,0.2559,0.216310936497315,,,
BG11609,18):,0,0.148548000000119,0.5857,0.372510186527031,,,
BG11611,18):,0,3.7035850000002,0.0065,0.0147466470672305,C,,C
BG11612,18):,0,3.91060399999969,0.0052,0.0125110343801699,C,,C
BG11614,18):,0,0.963076999999885,0.1652,0.160568299412806,,,
BG11615,18):,0,7.06577300000026,2e-04,0.000883760849881286,C,,C
BG11616,18):,0,0.760607000000164,0.2174,0.193993084973117,,,
BG11620,18):,0,2.04186399999980,0.0433,0.060860990170255,,,
BG11621,18):,0,1.07648100000006,0.1423,0.144236528092431,,,
BG11622,18):,0,0.280836999999792,0.4536,0.312289765735444,,,
BG11627,18):,0,0.607989000000089,0.2702,0.222775632869526,,,
BG11635,18):,0,0.042109999999866,0.7717,0.44402439115561,,,
BG11636,18):,0,0.00558099999943806,0.9159,0.487958211379666,,,
BG11637,18):,0,0.20321899999999,0.5238,0.345155125607583,,,
BG11638,18):,0,1.04203599999983,0.1488,0.148816960153382,,,
BG11639,18):,0,5.74452799999972,7e-04,0.00257203225604037,C,,C
BG11641,18):,0,0.227753000000121,0.4997,0.336424012721003,,,
BG11642,18):,0,1.40853800000059,0.0933,0.10478071225889,,,
BG11643,18):,0,0.514335000000074,0.3105,0.241289567901640,,,
BG11644,18):,0,0.108940000000075,0.6407,0.394501426263196,,2,2
BG11645,18):,0,0.000183999999535445,0.9847,0.507006413983357,,2,2
BG11646,18):,0,1.25051499999972,0.1138,0.122317278709245,,,
BG11647,18):,0,0.404462999999851,0.3684,0.275211917434965,,,
BG11649,18):,0,0.531308999999965,0.3026,0.237332848466553,,,
BG11654,18):,0,1.56890500000009,0.0765,0.0915396359950045,,,
BG11655,18):,0,3.33551600000101,0.0098,0.0205762580483230,C,2,C2
BG11659,18):,0,0.490099999999984,0.3221,0.24689843294362,,,
BG11660,18):,0,9.11008200000015,0,0,C,,C
BG11661,18):,0,0.543407999999545,0.2972,0.234457525446102,,,
BG11664,18):,0,0.131524999999783,0.608,0.382376601392357,,,
BG11665,18):,0,0.311904999999570,0.4296,0.302023205585131,,,
BG11666,18):,0,0.0346670000001268,0.7923,0.450509543180085,,,
BG11667,18):,0,1.19971600000008,0.1214,0.127645029376866,,,
BG11668,18):,0,0.733216999999968,0.2259,0.199120998215071,,,
BG11670,18):,0,1.46261099999992,0.0872,0.0999218962269166,,,
BG11671,18):,0,0.333075000000463,0.4144,0.298193132974465,,,
BG11672,18):,0,3.10920900000019,0.0126,0.0245491954812845,C,,C
BG11674,18):,0,0.0864179999998669,0.6776,0.410734982085956,,,
BG11675,18):,0,1.04224999999997,0.1488,0.148816960153382,,,
BG11676,18):,0,0.624175999999807,0.2639,0.219454776798288,,,
BG11677,18):,0,0.00872499999968568,0.8949,0.482735175018043,,,
BG11678,18):,0,20.1700230000006,0,0,C,,C
BG11681,18):,0,0.195921999999882,0.5313,0.347388526837112,,,
BG11685,18):,0,4.14488900000015,0.004,0.0102435916690785,C,,C
BG11689,18):,0,0.094365999999809,0.664,0.403700684627426,,,
BG11690,18):,0,0.554598999999826,0.2923,0.232650043731248,,,
BG11691,18):,0,0.828089999999975,0.1981,0.181478135008854,,,
BG11692,18):,0,6.4076,3e-04,0.00125977090091773,C,,C
BG11696,18):,0,6.37046800000007,4e-04,0.00161934622792619,C,,C
BG11697,18):,0,7.91934799999945,1e-04,0.000512179583453927,C,,C
BG11698,18):,0,0.0245169999998325,0.8248,0.461995319777377,,,
BG11699,18):,0,9.64754100000027,0,0,C,,C
BG11700,18):,0,0.734069999999974,0.2256,0.199116165164376,,,
BG11701,18):,0,1.77062800000022,0.0599,0.0759793908152628,,,
BG11702,18):,0,0.603269000000182,0.272,0.223714060393306,,,
BG11703,18):,0,1.56192900000042,0.0772,0.091922756819889,,,
BG11704,18):,0,1.09969899999987,0.1381,0.141249985819944,,,
BG11705,18):,0,0.878147000000354,0.1851,0.173326678648843,,,
BG11706,18):,0,0.87044300000025,0.187,0.17438125293761,,,
BG11708,18):,0,0.0145260000008420,0.8647,0.476061746964695,,,
BG11710,18):,0,0.0211599999997816,0.837,0.465414554842313,,,
BG11711,18):,0,1.42772200000036,0.0911,0.103107402967421,,,
BG11712,18):,0,4.66291000000001,0.0023,0.0066452017750689,C,,C
BG11713,18):,0,0.582184000000098,0.2806,0.227194275778044,,,
BG11714,18):,0,5.11025199999949,0.0014,0.00440236218708305,C,,C
BG11719,18):,0,5.16425700000036,0.0013,0.00416540362657317,C,,C
BG11720,18):,0,0.833031999999548,0.1968,0.181269705001808,,,
BG11721,18):,0,0.567505000000892,0.2867,0.230477158478761,,,
BG11723,18):,0,0.558170999999675,0.2907,0.232037306353335,,,
BG11725,18):,0,2.60794299999998,0.0224,0.0377659000587674,C,,C
BG11726,18):,0,0.932159000000183,0.1721,0.165039518201979,,,
BG11727,18):,0,3.38600699999915,0.0093,0.0197720646744667,C,,C
BG11728,18):,0,0.926914000000124,0.1733,0.165954890641057,,,
BG11729,18):,0,1.23845600000004,0.1155,0.122971494950214,,,
BG11730,18):,0,0.0203000000001339,0.8403,0.466809815323551,,,
BG11734,18):,0,1.24258800000007,0.1149,0.122971494950214,,,
BG11737,18):,0,4.26415899999938,0.0035,0.00920727500216787,C,,C
BG11740,18):,0,2.34685999999965,0.0303,0.0465571241359619,C,,C
BG11742,18):,0,1.26010099999985,0.1124,0.121585696700628,,,
BG11756,18):,0,10.2549140000001,0,0,C,,C
BG11759,18):,0,5.57549500000005,8e-04,0.00284664021119656,C,,C
BG11761,18):,0,0.00795599999946717,0.8996,0.483849573845029,,,
BG11762,18):,0,0.677139999999781,0.2445,0.209506766494196,,,
BG11766,18):,0,0.00520300000016505,0.9187,0.488912683691015,,,
BG11772,18):,0,4.50933199999963,0.0027,0.00751196722399093,C,,C
BG11790,18):,0,0.3463980000015,0.4052,0.292677799919339,,,
BG11792,18):,0,0.82907300000079,0.1979,0.181478135008854,,2,2
BG11793,18):,0,0.441591000000244,0.3473,0.260312150244218,,,
BG11802,18):,0,0.880701999999928,0.1844,0.173326678648843,,,
BG11803,18):,0,0.148615000000063,0.5856,0.372510186527031,,,
BG11804,18):,0,0.0427720000006957,0.7699,0.443366031445958,,,
BG11811,18):,0,0.000137999999424210,0.9867,0.507006413983357,,,
BG11813,18):,0,2.99179000000004,0.0144,0.0272703347963368,C,,C
BG11814,18):,0,8.91949399999976,0,0,C,,C
BG11815,18):,0,0.752854999999727,0.2198,0.195528599506564,,,
BG11816,18):,0,1.38248299999987,0.0963,0.107082598569621,,,
BG11817,18):,0,0.392095000000154,0.3759,0.278659389424163,,,
BG11818,18):,0,2.81266899999991,0.0177,0.0317415485087999,C,,C
BG11821,18):,0,0.552575000000161,0.2931,0.232853329496659,,,
BG11823,18):,0,0.147185999999692,0.5874,0.37301678373102,,,
BG11825,18):,0,3.88405899999998,0.0053,0.012661513660225,C,,C
BG11827,18):,0,5.40267099999983,0.001,0.00344937270489379,C,,C
BG11835,18):,0,0.197405999999773,0.5298,0.347388526837112,,,
BG11836,18):,0,0.0136440000005678,0.8688,0.476379352131629,,,
BG11837,18):,0,2.25476199999957,0.0337,0.0502609912289393,,,
BG11841,18):,0,1.6234000000004,0.0716,0.0875354734021655,,,
BG11843,18):,0,0.957296999999926,0.1665,0.161039812376973,,,
BG11845,18):,0,0.389944000000014,0.3772,0.279316827294681,,,
BG11849,18):,0,0.615229999999428,0.2673,0.221193874550244,,,
BG11850,18):,0,4.70275199999924,0.0022,0.00638356013025838,C,,C
BG11852,18):,0,1.23988300000019,0.1153,0.122971494950214,,,
BG11856,18):,0,0.0626219999994646,0.7234,0.427493261410698,,,
BG11906,18):,0,1.60290999999961,0.0734,0.0888558408780641,,,
BG11917,18):,0,1.84952799999974,0.0544,0.07169316087458,,,
BG11920,18):,0,2.53537800000004,0.0243,0.0403652882527473,C,,C
BG11927,18):,0,0.879302999999709,0.1848,0.173326678648843,,,
BG11928,18):,0,0.895932999999786,0.1807,0.171824364224704,,,
BG11932,18):,0,0.0438480000002528,0.7671,0.442885316120504,,,
BG11938,18):,0,0.305877999999211,0.4341,0.303814748937993,,,
BG11939,18):,0,3.04762599999958,0.0136,0.0261211587561503,C,,C
BG11941,18):,0,26.4326199999996,0,0,C,,C
BG11943,18):,0,0.306400999999823,0.4337,0.303814748937993,,,
BG11945,18):,0,2.38153100000090,0.0291,0.0451234911918171,C,,C
BG11946,18):,0,16.7385410000006,0,0,C,,C
BG11948,18):,0,4.00662000000011,0.0046,0.0113917744715467,C,,C
BG11949,18):,0,5.39328500000011,0.001,0.00344937270489379,C,,C
BG11953,18):,0,4.41868400000021,0.003,0.0081455066284239,C,,C
BG11954,18):,0,1.23914299999979,0.1154,0.122971494950214,,,
BG11955,18):,0,1.95318599999973,0.0481,0.0651689501255646,,,
BG11958,18):,0,0.0658540000003995,0.7167,0.424666452102618,,,
BG11963,18):,0,3.23613900000055,0.011,0.0221334748564018,C,,C
BG11964,18):,0,13.6505250000000,0,0,C,,C
BG11971,18):,0,0.0109359999999015,0.8824,0.481214197153625,,,
BG11972,18):,0,0.031853999999953,0.8007,0.451488652262267,,,
BG11973,18):,0,2.10545900000034,0.0402,0.0573381802033738,,,
BG11978,18):,0,0.261050999999497,0.4699,0.32187295427538,,,
BG11979,18):,0,2.44051299999956,0.0272,0.0431673609491310,C,,C
BG11989,18):,0,1.14176300000054,0.1308,0.135836614059548,,,
BG11990,18):,0,8.42531000000054,0,0,C,,C
BG11992,18):,0,0.488631999999598,0.3229,0.247231347108041,,,
BG12004,18):,0,0.00422600000001694,0.9267,0.489851917421826,,,
BG12021,18):,0,0.178763999999319,0.5499,0.356911804108892,,,
BG12034,18):,0,7.07618600000023,2e-04,0.000883760849881286,C,,C
BG12035,18):,0,0.396249999999782,0.3733,0.277035744044372,,,
BG12036,18):,0,0.191741000000548,0.5357,0.349927029729734,,,
BG12037,18):,0,0.441724000000249,0.3473,0.260312150244218,,,
BG12043,18):,0,0.677322999999888,0.2445,0.209506766494196,,,
BG12044,18):,0,1.39387700000043,0.095,0.106336622127686,,,
BG12046,18):,0,0.85992400000032,0.1897,0.17587264633593,,,
BG12056,18):,0,0.113385000000108,0.6339,0.392099947022787,,,
BG12084,18):,0,7.69640599999912,1e-04,0.000512179583453927,C,,C
BG12085,18):,0,4.51942400000007,0.0026,0.00738571567400789,C,,C
BG12086,18):,0,0.98602099999971,0.1602,0.156740294407382,,,
BG12087,18):,0,7.47303500000089,1e-04,0.000512179583453927,C,,C
BG12088,18):,0,4.00473799999963,0.0047,0.0115547714027206,C,,C
BG12090,18):,0,0.000213999999687076,0.9835,0.507006413983357,,,
BG12092,18):,0,2.14982499999996,0.0381,0.0550396060065489,,,
BG12096,18):,0,3.78545599999961,0.0059,0.0136138382113965,C,,C
BG12098,18):,0,0.00501299999996263,0.9202,0.488912683691015,,,
BG12180,18):,0,4.94539199999963,0.0017,0.00510813771231383,C,,C
BG12199,18):,0,1.20152700000017,0.1211,0.127645029376866,,,
BG12200,18):,0,5.83675000000039,6e-04,0.00227891140503096,C,,C
BG12201,18):,0,1.44661200000019,0.089,0.101810591195978,,,
BG12202,18):,0,1.10081799999989,0.1379,0.141249985819944,,,
BG12203,18):,0,1.79217299999982,0.0583,0.0752200229471,,,
BG12204,18):,0,4.20594700000038,0.0037,0.00962109648303453,C,,C
BG12205,18):,0,1.06849199999988,0.1438,0.145538742234866,,,
BG12209,18):,0,14.841496,0,0,C,,C
BG12211,18):,0,0.198911999999837,0.5282,0.346702813489399,,,
BG12213,18):,0,39.4150630000004,0,0,C,,C
BG12220,18):,0,1.23132900000019,0.1166,0.123558909167023,,,
BG12223,18):,0,0.580371999999898,0.2813,0.227488605514089,,,
BG12224,18):,0,19.7401719999998,0,0,C,,C
BG12225,18):,0,2.85486599999967,0.0169,0.0304685390605072,C,,C
BG12226,18):,0,0.299029000000246,0.4393,0.306186235190649,,,
BG12227,18):,0,0.95530900000017,0.1669,0.161196085245097,,,
BG12236,18):,0,2.97577799999999,0.0147,0.0275300073056510,C,,C
BG12239,18):,0,0.829023000000234,0.1979,0.181478135008854,,,
BG12240,18):,0,8.5348380000014,0,0,C,,C
BG12242,18):,0,1.12262000000010,0.134,0.138204165284065,,,
BG12245,18):,0,0.000649999999950523,0.9712,0.502864660432336,,,
BG12247,18):,0,0.231922000000168,0.4958,0.334864137331592,,,
BG12253,18):,0,0.643376999999418,0.2566,0.216310936497315,,,
BG12263,18):,0,0.836945000000014,0.1957,0.180502426625037,,,
BG12264,18):,0,8.91256599999997,0,0,C,,C
BG12310,18):,0,38.1778880000002,0,0,C,,C
BG12317,18):,0,2.46346300000005,0.0264,0.0423953304612885,C,,C
BG12318,18):,0,0.119785999999976,0.6245,0.389492728620304,,,
BG12319,18):,0,11.2990380000010,0,0,C,,C
BG12320,18):,0,0.558724999999868,0.2905,0.232037306353335,,,
BG12321,18):,0,6.63504600000033,3e-04,0.00125977090091773,C,,C
BG12323,18):,0,9.43579800000043,0,0,C,,C
BG12326,18):,0,8.99470099999962,0,0,C,,C
BG12327,18):,0,8.76426899999933,0,0,C,,C
BG12328,18):,0,1.33027299999958,0.1029,0.112679508359864,,,
BG12329,18):,0,1.37923899999987,0.0967,0.107350822250235,,,
BG12330,18):,0,0.102377000000160,0.6509,0.398965142292486,,,
BG12331,18):,0,0.5044110000008,0.3152,0.242986871391305,,,
BG12333,18):,0,0.680736000000252,0.2433,0.209506766494196,,,
BG12334,18):,0,0.0049010000002454,0.9211,0.488912683691015,,,
BG12338,18):,0,14.3123589999996,0,0,C,,C
BG12347,18):,0,1.66422400000010,0.0681,0.0838335542197387,,,
BG12348,18):,0,11.6670460000005,0,0,C,,C
BG12355,18):,0,0.619335000001229,0.2657,0.220575322254389,,,
BG12360,18):,0,0.346693999999843,0.405,0.292677799919339,,,
BG12361,18):,0,2.32062200000018,0.0312,0.0471892706151376,C,,C
BG12366,18):,0,0.0596729999997478,0.7297,0.429732947300659,,2,2
BG12368,18):,0,2.96750199999997,0.0148,0.0276407191777788,C,,C
BG12370,18):,0,4.50560299999961,0.0027,0.00751196722399093,C,,C
BG12374,18):,0,79.6664999999994,0,0,C,,C
BG12390,18):,0,0.60983699999997,0.2694,0.222387249466281,,,
BG12391,18):,0,2.73030599999947,0.0194,0.0338912009640521,C,,C
BG12396,18):,0,6.44909199999893,3e-04,0.00125977090091773,C,,C
BG12398,18):,0,0.92528399999992,0.1737,0.166102664232886,,,
BG12399,18):,0,2.36543600000005,0.0296,0.0456892253075613,C,,C
BG12400,18):,0,2.93597599999976,0.0154,0.0283694457015025,C,,C
BG12402,18):,0,1.93689300000005,0.049,0.0658603885840954,,,
BG12403,18):,0,1.96255700000006,0.0476,0.0650126617930851,,,
BG12409,18):,0,0.000216000000364147,0.9834,0.507006413983357,,,
BG12413,18):,0,0.0610569999998916,0.7268,0.428398256369394,,,
BG12428,18):,0,8.208306,1e-04,0.000512179583453927,C,,C
BG12434,18):,0,5.68554800000038,7e-04,0.00257203225604037,C,,C
BG12447,18):,0,0.598023000000012,0.2741,0.224513238327680,,,
BG12448,18):,0,8.13936400000057,1e-04,0.000512179583453927,C,,C
BG12452,18):,0,13.6186950000001,0,0,C,,C
BG12456,18):,0,1.03507000000002,0.1502,0.149995233284947,,,
BG12459,18):,0,9.76323599999887,0,0,C,,C
BG12460,18):,0,0.810041000000183,0.2031,0.185146706997771,,,
BG12473,18):,0,3.72792899999968,0.0063,0.0143410283367100,C,,C
BG12479,18):,0,0.526112999999896,0.305,0.238385549478094,,,
BG12488,18):,0,5.24057900000025,0.0012,0.00393831291354864,C,,C
BG12495,18):,0,3.23779299999978,0.0109,0.0220635923554943,C,,C
BG12496,18):,0,8.854691,0,0,C,,C
BG12504,18):,0,6.71811900000012,2e-04,0.000883760849881286,C,,C
BG12505,18):,0,1.25553899999795,0.113,0.121650806796159,,,
BG12506,18):,0,1.77870900000016,0.0593,0.0757870870972393,,,
BG12525,18):,0,3.46306800000002,0.0085,0.0183599198925018,C,,C
BG12558,18):,0,0.502618000000439,0.316,0.243326136503761,,,
BG12559,18):,0,5.79485400000067,7e-04,0.00257203225604037,C,,C
BG12560,18):,0,2.38507700000082,0.029,0.0450718033439456,C,,C
BG12561,18):,0,6.72074500000053,2e-04,0.000883760849881286,C,,C
BG12562,18):,0,1.94756400000006,0.0484,0.0653136311930229,,,
BG12568,18):,0,0.644420999999966,0.2563,0.216310936497315,,,
BG12569,18):,0,0.135292999999365,0.6029,0.379875911967355,,,
BG12570,18):,0,0.367752999999539,0.3911,0.286162050126901,,,
BG12571,18):,0,0.010548999999628,0.8845,0.481284384824395,,,
BG12572,18):,0,0.319036000000779,0.4244,0.301148696529458,,,
BG12574,18):,0,0.0913009999999304,0.6691,0.406435897809083,,,
BG12575,18):,0,1.77856800000063,0.0593,0.0757870870972393,,,
BG12576,18):,0,0.402899000000616,0.3694,0.275654373431349,,,
BG12577,18):,0,0.00639099999989412,0.91,0.487504053601313,,,
BG12579,18):,0,3.11792299999979,0.0125,0.0244247489219358,C,,C
BG12582,18):,0,1.31033600000046,0.1055,0.115227994817114,,,
BG12583,18):,0,2.95371000000159,0.0151,0.0279692149517909,C,2,C2
BG12584,18):,0,1.52752099999998,0.0805,0.094815683863788,,,
BG12587,18):,0,2.65125999999964,0.0213,0.0360913312490993,C,,C
BG12588,18):,0,8.36133000000063,0,0,C,,C
BG12590,18):,0,0.606202999999823,0.2709,0.223080722153621,,,
BG12591,18):,0,1.87405999999919,0.0529,0.069852492096525,,,
BG12592,18):,0,0.765659000000596,0.2159,0.193844668166491,,2,2
BG12593,18):,0,0.53564600000027,0.3007,0.236942154991686,,,
BG12597,18):,0,1.24806300000000,0.1141,0.122445065751052,,,
BG12598,18):,0,0.329240999999911,0.4171,0.298403955154916,,,
BG12599,18):,0,1.39846100000068,0.0944,0.105840254618618,,,
BG12600,18):,0,8.71112900000026,0,0,C,,C
BG12601,18):,0,5.64777400000003,8e-04,0.00284664021119656,C,,C
BG12603,18):,0,1.76033999999981,0.0606,0.0765799425040122,,,
BG12606,18):,0,2.48255100000006,0.0259,0.0420922971132761,C,,C
BG12607,18):,0,0.0551150000001144,0.7399,0.433450264625866,,,
BG12611,18):,0,0.592186999999285,0.2765,0.225494938925228,,,
BG12616,18):,0,1.09227099999953,0.1394,0.142251506028968,,,
BG12617,18):,0,7.9081839999999,1e-04,0.000512179583453927,C,,C
BG12619,18):,0,3.77730200000019,0.006,0.0137507196642546,C,,C
BG12620,18):,0,0.216621000000032,0.5104,0.340305450099849,,,
BG12621,18):,0,8.75027599999976,0,0,C,,C
BG12622,18):,0,0.073851999999988,0.7007,0.418773939807339,,,
BG12623,18):,0,2.81056600000011,0.0177,0.0317415485087999,C,,C
BG12628,18):,0,5.36741900000015,0.0011,0.00369992415510001,C,,C
BG12630,18):,0,6.40851700000076,3e-04,0.00125977090091773,C,,C
BG12641,18):,0,2.80004299999928,0.018,0.0321092002714124,C,,C
BG12644,18):,0,3.35827300000028,0.0096,0.0203458924185836,C,,C
BG12660,18):,0,0.740297999996983,0.2237,0.197785678203432,,,
BG12661,18):,0,0.0121970000000147,0.8759,0.478332704551235,,,
BG12662,18):,0,0.0551989999994476,0.7397,0.433450264625866,,,
BG12665,18):,0,0.146463999999469,0.5884,0.373174236691992,,,
BG12669,18):,0,1.66609399999925,0.0679,0.0837694009230083,,,
BG12672,18):,0,3.18404399999963,0.0116,0.022998515489286,C,2,C2
BG12673,18):,0,4.29937599999994,0.0034,0.00897914832242665,C,,C
BG12675,18):,0,1.74045799999976,0.0621,0.077893107263238,,,
BG12676,18):,0,0.25333800000044,0.4766,0.324816856961559,,,
BG12680,18):,0,0.204472000000351,0.5225,0.344766316212883,,,
BG12681,18):,0,0.669183999999859,0.2473,0.211007654368724,,,
BG12686,18):,0,4.13047600000027,0.0041,0.0103817075118077,C,,C
BG12687,18):,0,0.0046039999997447,0.9236,0.488912683691015,,,
BG12696,18):,0,1.55976400000009,0.0774,0.091922756819889,,,
BG12697,18):,0,0.597700000000259,0.2742,0.224513238327680,,,
BG12702,18):,0,3.50293999999985,0.0081,0.0177224081109689,C,,C
BG12703,18):,0,15.4162539999998,0,0,C,,C
BG12704,18):,0,1.10063700000046,0.1379,0.141249985819944,,,
BG12733,18):,0,0.0180139999993116,0.8495,0.470374655290931,,,
BG12755,18):,0,6.01690899999994,5e-04,0.00194275014413558,C,,C
BG12763,18):,0,0.082777999999962,0.6841,0.412214180048037,,,
BG12765,18):,0,0.235593000000335,0.4924,0.333233573071453,,,
BG12779,18):,0,0.209791000000223,0.5171,0.343417920075947,,,
BG12807,18):,0,1.06124799999998,0.1451,0.146197883722947,,,
BG12811,18):,0,0.644154000000526,0.2564,0.216310936497315,,,
BG12814,18):,0,0.554005999999845,0.2925,0.232650043731248,,,
BG12816,18):,0,0.993641000000025,0.1586,0.155625283244189,,,
BG12824,18):,0,0.518313999999918,0.3086,0.240244641069224,,,
BG12826,18):,0,2.36243500000000,0.0297,0.0457391535073525,C,,C
BG12829,18):,0,2.99594800000159,0.0144,0.0272703347963368,C,,C
BG12833,18):,0,1.55850999999984,0.0775,0.091922756819889,,,
BG12834,18):,0,0.0557230000013078,0.7385,0.433405296477914,,2,2
BG12835,18):,0,2.11953700000049,0.0395,0.0566986061173837,,,
BG12836,18):,0,9.29598400000032,0,0,C,,C
BG12838,18):,0,0.330813999999918,0.416,0.298403955154916,,,
BG12839,18):,0,0.466922000000523,0.3339,0.253794766806947,,,
BG12840,18):,0,0.0583219999998619,0.7327,0.430984422149302,,,
BG12842,18):,0,11.1002209999970,0,0,C,,C
BG12843,18):,0,6.22999299999992,4e-04,0.00161934622792619,C,,C
BG12862,18):,0,1.29999998534913e-05,0.9959,0.509307968421733,,,
BG12870,18):,0,2.1670180000001,0.0374,0.0542602611071963,,,
BG12877,18):,0,26.4094260000002,0,0,C,,C
BG12878,18):,0,5.17918699999973,0.0013,0.00416540362657317,C,,C
BG12881,18):,0,0.312762999999904,0.429,0.302023205585131,,,
BG12882,18):,0,1.44349099999999,0.0893,0.101810591195978,,,
BG12883,18):,0,0.181852999999819,0.5465,0.355265488376917,,,
BG12885,18):,0,2.13452400000006,0.0388,0.0559313209939793,,,
BG12890,18):,0,2.98642600000039,0.0145,0.0273067332236996,C,,C
BG12891,18):,0,1.37122999999974,0.0977,0.108105937480446,,,
BG12892,18):,0,0.00221199999987221,0.947,0.494867518027714,,,
BG12896,18):,0,2.77647900000011,0.0184,0.0325649678610706,C,,C
BG12909,18):,0,7.01862100000017,2e-04,0.000883760849881286,C,,C
BG12915,18):,0,1.77543299999979,0.0595,0.0758992160084366,,,
BG12918,18):,0,0.200802000000294,0.5263,0.34592280554792,,,
BG12921,18):,0,6.80674699999963,2e-04,0.000883760849881286,C,,C
BG12922,18):,0,2.46916299999975,0.0263,0.0423953304612885,C,,C
BG12923,18):,0,0.0367690000002767,0.7863,0.449365498343336,,,
BG12924,18):,0,0.258763999999246,0.4719,0.322263393909211,,,
BG12926,18):,0,15.2036990000001,0,0,C,,C
BG12927,18):,0,0.560858000000053,0.2895,0.231900836517872,,,
BG12929,18):,0,3.61871000000019,0.0071,0.0158420694921789,C,,C
BG12930,18):,0,3.37950400000045,0.0093,0.0197720646744667,C,,C
BG12931,18):,0,1.52149000000009,0.0811,0.0953562587267996,,,
BG12937,18):,0,3.10135300000002,0.0128,0.0247251035486787,C,,C
BG12941,18):,0,5.48394800000096,9e-04,0.00313643992341889,C,,C
BG12946,18):,0,5.8288109999994,6e-04,0.00227891140503096,C,,C
BG12948,18):,0,3.80322700000033,0.0058,0.0134750752265404,C,,C
BG12963,18):,0,2.66107600000032,0.0211,0.0359325585852866,C,2,C2
BG12982,18):,0,5.26253200000065,0.0012,0.00393831291354864,C,,C
BG12988,18):,0,0.0407230000000709,0.7753,0.445716443017360,,,
BG12989,18):,0,0.628843000000415,0.2621,0.219453440509025,,,
BG12994,18):,0,-1.20707800000037,1,0.509477807203605,,,
BG12999,18):,0,3.82810299999983,0.0057,0.0134273142366110,C,,C
BG13000,18):,0,0.0265589999999065,0.8177,0.459159637803293,,,
BG13005,18):,0,15.6557290000001,0,0,C,,C
BG13006,18):,0,0.00358899999991991,0.9325,0.490445007848757,,,
BG13007,18):,0,4.02333099999987,0.0046,0.0113917744715467,C,,C
BG13021,18):,0,0.0327870000000985,0.7979,0.450962579951756,,,
BG13032,18):,0,2.86605000000054,0.0167,0.0302694014414433,C,,C
BG13033,18):,0,6.42311099999984,3e-04,0.00125977090091773,C,,C
BG13034,18):,0,12.4869820000004,0,0,C,,C
BG13036,18):,0,6.82808499999919,2e-04,0.000883760849881286,C,,C
BG13040,18):,0,3.79789900000105,0.0059,0.0136138382113965,C,,C
BG13041,18):,0,1.47071399999913,0.0863,0.099395995619655,,2,2
BG13045,18):,0,0.00611800000024232,0.9119,0.487916489432704,,,
BG13046,18):,0,0.0109080000001995,0.8826,0.481214197153625,,,
BG13054,18):,0,0.107038000000102,0.6436,0.395566535893137,,,
BG13055,18):,0,0.680553000000145,0.2433,0.209506766494196,,,
BG13066,18):,0,7.3387789999997,1e-04,0.000512179583453927,C,,C
BG13067,18):,0,16.5631500000000,0,0,C,,C
BG13098,18):,0,1.03371900000002,0.1505,0.150073150514686,,,
BG13099,18):,0,0.124065999999857,0.6184,0.387116710942999,,,
BG13115,18):,0,0.625129000000015,0.2635,0.219454776798288,,,
BG13116,18):,0,0.10541000000012,0.6461,0.396566429421866,,,
BG13117,18):,0,0.0842659999998432,0.6814,0.411074145752453,,,
BG13124,18):,0,6.21940000000086,4e-04,0.00161934622792619,C,,C
BG13127,18):,0,1.96485399999983,0.0474,0.0650021342343718,,,
BG13128,18):,0,1.08825799999977,0.1401,0.142648184830274,,,
BG13129,18):,0,1.69235099999969,0.0658,0.0819260955809839,,,
BG13130,18):,0,22.0423830000000,0,0,C,2,C2
BG13133,18):,0,0.611021999999821,0.269,0.222328516494890,,,
BG13134,18):,0,0.144476000000395,0.5909,0.374057985897998,,,
BG13135,18):,0,18.0867400000006,0,0,C,,C
BG13136,18):,0,7.15986299999895,2e-04,0.000883760849881286,C,,C
BG13137,18):,0,0.645026999999573,0.256,0.216310936497315,,,
BG13138,18):,0,1.87834799999996,0.0526,0.0695922756132545,,,
BG13139,18):,0,2.33705699999973,0.0306,0.046699678859754,C,,C
BG13140,18):,0,0.760478000000148,0.2175,0.193993084973117,,,
BG13141,18):,0,1.28271599999971,0.1092,0.118693912986146,,,
BG13142,18):,0,0.792547000000013,0.208,0.189265176895168,,,
BG13143,18):,0,2.00936299999967,0.045,0.0627287984683778,,,
BG13144,18):,0,1.2756159999999,0.1102,0.119588588968767,,,
BG13145,18):,0,0.577895000000353,0.2823,0.228024553476628,,,
BG13146,18):,0,4.24847899999986,0.0036,0.00939720996360255,C,,C
BG13147,18):,0,3.44156900000053,0.0087,0.0186726042424917,C,,C
BG13148,18):,0,2.92481799999996,0.0156,0.0286597879958784,C,,C
BG13149,18):,0,0.207150000000183,0.5198,0.344534167326219,,,
BG13150,18):,0,0.242896000000655,0.4858,0.330088674339026,,,
BG13151,18):,0,8.1936139999998,1e-04,0.000512179583453927,C,,C
BG13152,18):,0,0.878094000000146,0.1851,0.173326678648843,,,
BG13154,18):,0,-2.47680099999980,1,0.509477807203605,,,
BG13156,18):,0,0.143047999999908,0.5927,0.374846461767398,,,
BG13157,18):,0,-0.399569999999585,1,0.509477807203605,,2,2
BG13159,18):,0,0.497037000000091,0.3187,0.244847449870150,,,
BG13160,18):,0,0.630463999999847,0.2615,0.219347578928817,,,
BG13161,18):,0,3.86747300000025,0.0054,0.0128549861649986,C,,C
BG13162,18):,0,0.161997000000156,0.5692,0.364415773627469,,2,2
BG13163,18):,0,0.00585299999966082,0.9138,0.487916489432704,,,
BG13164,18):,0,0.618774999999914,0.2659,0.220575322254389,,,
BG13184,18):,0,5.35987600000044,0.0011,0.00369992415510001,C,,C
BG13221,18):,0,1.68386199999986,0.0665,0.0824938052029095,,,
BG13228,18):,0,5.91846200000055,6e-04,0.00227891140503096,C,,C
BG13232,18):,0,7.61150399999951,1e-04,0.000512179583453927,C,,C
BG13233,18):,0,0.281031999999868,0.4534,0.312289765735444,,,
BG13243,18):,0,1.47843300000022,0.0855,0.0992194988288221,,,
BG13244,18):,0,13.5802249999997,0,0,C,,C
BG13245,18):,0,0.963316999999734,0.1651,0.160568299412806,,,
BG13246,18):,0,40.332609000001,0,0,C,,C
BG13268,18):,0,0.0612590000000637,0.7263,0.428398256369394,,,
BG13275,18):,0,0.303280999999515,0.4361,0.304583885923987,,,
BG13277,18):,0,4.74457800000164,0.0021,0.00614615500144712,C,,C
BG13279,18):,0,2.40548300000046,0.0283,0.044392066170545,C,,C
BG13280,18):,0,5.16312000000016,0.0013,0.00416540362657317,C,,C
BG13281,18):,0,0.779161999999815,0.2119,0.191525036000977,,,
BG13290,18):,0,0.227396999999655,0.5001,0.336424012721003,,,
BG13293,18):,0,2.89144500000020,0.0162,0.0295214237535816,C,,C
BG13296,18):,0,0.982617000000118,0.161,0.157295383057267,,,
BG13301,18):,0,0.117081999999755,0.6285,0.390512028238736,,,
BG13302,18):,0,5.0162849999997,0.0015,0.00460961625108534,C,,C
BG13303,18):,0,0.446864999999889,0.3445,0.258937510210967,,,
BG13312,18):,0,0.168237999999747,0.5619,0.361646543862505,,,
BG13313,18):,0,0.878322000000026,0.185,0.173326678648843,,,
BG13314,18):,0,0.0841479999999137,0.6816,0.411074145752453,,,
BG13315,18):,0,0.454544999999598,0.3404,0.257391652875542,,,
BG13325,18):,0,25.2520590000004,0,0,C,,C
BG13326,18):,0,1.19505099999969,0.1221,0.127982957867343,,,
BG13328,18):,0,2.89438200000041,0.0161,0.029418487858278,C,,C
BG13329,18):,0,0.359712999999829,0.3963,0.28809605911622,,,
BG13335,18):,0,3.12378199999989,0.0124,0.0243702192499241,C,,C
BG13337,18):,0,0.688861000000088,0.2405,0.208190179978596,,,
BG13343,18):,0,0.357214000000113,0.398,0.289021123483733,,,
BG13344,18):,0,0.190656999999192,0.5369,0.35037236315682,,,
BG13345,18):,0,0.00726200000008248,0.9041,0.485434053396042,,,
BG13348,18):,0,5.33181300000069,0.0011,0.00369992415510001,C,,C
BG13349,18):,0,3.24523399999998,0.0108,0.0219928678967445,C,,C
BG13350,18):,0,2.54798500000015,0.024,0.0401629930787634,C,,C
BG13351,18):,0,0.0325159999999869,0.7987,0.450962579951756,,,
BG13353,18):,0,4.06070799999998,0.0044,0.0110175519285200,C,,C
BG13354,18):,0,11.1609830000002,0,0,C,,C
BG13355,18):,0,0.112117000000580,0.6358,0.392556884466857,,,
BG13356,18):,0,0.0522329999998874,0.7465,0.436207016373233,,,
BG13357,18):,0,0.282136000000037,0.4525,0.312289765735444,,,
BG13358,18):,0,0.0743499999998676,0.6998,0.418773939807339,,,
BG13359,18):,0,1.38426200000004,0.0961,0.107082598569621,,,
BG13360,18):,0,0.267007999999805,0.4649,0.318771014826576,,,
BG13361,18):,0,0.678339000000051,0.2441,0.209506766494196,,,
BG13362,18):,0,1.19945399999961,0.1214,0.127645029376866,,,
BG13364,18):,0,13.5335269999996,0,0,C,,C
BG13366,18):,0,0.0502459999997882,0.7512,0.43767399732958,,,
BG13368,18):,0,0.369134000000031,0.3902,0.286162050126901,,,
BG13369,18):,0,16.4820140000002,0,0,C,,C
BG13372,18):,0,10.4591889999999,0,0,C,,C
BG13373,18):,0,0.0581290000000081,0.7331,0.430984422149302,,,
BG13375,18):,0,0.0852460000000974,0.6797,0.411074145752453,,,
BG13376,18):,0,15.2152269999999,0,0,C,,C
BG13378,18):,0,0.000147000000652042,0.9863,0.507006413983357,,,
BG13381,18):,0,15.1197630000006,0,0,C,,C
BG13382,18):,0,10.1681049999997,0,0,C,,C
BG13383,18):,0,21.6168890000008,0,0,C,,C
BG13384,18):,0,3.40211400000044,0.0091,0.0194693074571157,C,,C
BG13385,18):,0,0.0222149999999601,0.8331,0.464719299082191,,,
BG13386,18):,0,0.00264199999992343,0.9421,0.493190882178816,,,
BG13387,18):,0,5.585599,8e-04,0.00284664021119656,C,,C
BG13388,18):,0,11.5715529999998,0,0,C,,C
BG13389,18):,0,0.00279500000033295,0.9404,0.492854928658679,,,
BG13391,18):,0,3.60763899999984,0.0072,0.0160123511879807,C,,C
BG13392,18):,0,2.45305200000075,0.0268,0.0427331720383635,C,,C
BG13393,18):,0,0.0798789999998917,0.6894,0.414300016337548,,,
BG13395,18):,0,0.384582000000137,0.3805,0.280531425938462,,,
BG13396,18):,0,0.0489379999999073,0.7544,0.438926442891642,,,
BG13397,18):,0,10.2347550000000,0,0,C,,C
BG13398,18):,0,1.88669300000038,0.0521,0.0690659104182225,,,
BG13399,18):,0,3.1610440000004,0.0119,0.0234557343932778,C,,C
BG13400,18):,0,3.49222700000018,0.0082,0.0178833284235655,C,,C
BG13402,18):,0,0.0572500000000673,0.7351,0.431784743329293,,,
BG13404,18):,0,3.10329899999988,0.0127,0.0246022307651050,C,,C
BG13405,18):,0,0.00110000000040600,0.9626,0.50022426478342,,,
BG13409,18):,0,2.34022000000004,0.0305,0.0466523756331563,C,,C
BG13416,18):,0,0.100175000000036,0.6544,0.400266955193701,,,
BG13418,18):,0,3.90115799999967,0.0052,0.0125110343801699,C,,C
BG13420,18):,0,0.61625499999991,0.2669,0.221133535156233,,,
BG13421,18):,0,1.69587499999989,0.0655,0.0817030383494954,,,
BG13423,18):,0,0.94368200000008,0.1695,0.163473694724653,,,
BG13427,18):,0,12.2239899999995,0,0,C,,C
BG13430,18):,0,0.330240000000003,0.4164,0.298403955154916,,,
BG13433,18):,0,7.62294900000052,1e-04,0.000512179583453927,C,,C
BG13456,18):,0,0.504718000000139,0.315,0.242986871391305,,,
BG13457,18):,0,6.02446700000019,5e-04,0.00194275014413558,C,,C
BG13458,18):,0,1.2919780000002,0.108,0.117578617418988,,,
BG13459,18):,0,1.02784000000065,0.1516,0.150725412947253,,,
BG13466,18):,0,4.28038200000015,0.0034,0.00897914832242665,C,,C
BG13532,18):,0,0.114805000000160,0.6318,0.391344600188297,,,
BG13533,18):,0,12.3023730000004,0,0,C,,C
BG13536,18):,0,0.751271000000088,0.2203,0.195715866163033,,,
BG13538,18):,0,0.965296999999737,0.1647,0.160568299412806,,,
BG13542,18):,0,0.320686000000023,0.4232,0.301000024224393,,,
BG13543,18):,0,2.18437700000050,0.0366,0.0532138065286583,,,
BG13544,18):,0,0.174528000000464,0.5546,0.357778942765537,,,
BG13545,18):,0,2.56543200000033,0.0235,0.0394238478380665,C,,C
BG13546,18):,0,8.45526400000017,0,0,C,,C
BG13551,18):,0,7.41565500000002,1e-04,0.000512179583453927,C,,C
BG13553,18):,0,10.1416500000005,0,0,C,,C
BG13557,18):,0,5.56361900000047,9e-04,0.00313643992341889,C,,C
BG13558,18):,0,0.281855999999834,0.4528,0.312289765735444,,,
BG13559,18):,0,1.97061300000041,0.0471,0.0648538270111966,,,
BG13561,18):,0,0.0453249999991385,0.7634,0.441503182285304,,,
BG13710,18):,0,0.892333000000008,0.1816,0.172049299739389,,,
BG13748,18):,0,2.68257499999982,0.0205,0.0353560702251614,C,,C
BG13749,18):,0,2.11590699999988,0.0397,0.0568649552782194,,,
BG13768,18):,0,1.66335400000025,0.0682,0.0838335542197387,,,
BG13771,18):,0,0.129635999999891,0.6106,0.383654876233455,,,
BG13772,18):,0,0.00013400000011643,0.9869,0.507006413983357,,,
BG13781,18):,0,1.63384099999894,0.0707,0.0867489064360332,,,
BG13785,18):,0,2.76937100000009,0.0186,0.0326624237219761,C,,C
BG13786,18):,0,0.220292999999401,0.5068,0.338238745331366,,,
BG13787,18):,0,0.00889300000017101,0.8939,0.482735175018043,,,
BG13788,18):,0,5.2868440000002,0.0011,0.00369992415510001,C,2,C2
BG13789,18):,0,2.33456300000034,0.0307,0.0467467690087543,C,,C
BG13791,18):,0,3.60243399999945,0.0073,0.0161815162824985,C,,C
BG13792,18):,0,0.0129759999999806,0.872,0.47735966618527,,,
BG13793,18):,0,2.45448299999953,0.0267,0.0427331720383635,C,,C
BG13794,18):,0,0.936534999999822,0.1711,0.16454734464045,,,
BG13795,18):,0,4.3206339999997,0.0033,0.00881839630642413,C,,C
BG13796,18):,0,0.544648000000052,0.2966,0.234457525446102,,,
BG13804,18):,0,2.05565799999931,0.0426,0.0601426875870774,,,
BG13805,18):,0,1.01618000000008,0.154,0.152662559713364,,,
BG13808,18):,0,2.6614069999996,0.021,0.0358525708417749,C,,C
BG13809,18):,0,0.584280000000035,0.2797,0.227009304837363,,,
BG13811,18):,0,2.88745100000006,0.0163,0.0296238062300932,C,,C
BG13812,18):,0,3.77538799999979,0.006,0.0137507196642546,C,,C
BG13814,18):,0,0.112366999999949,0.6355,0.392556884466857,,,
BG13815,18):,0,0.00338499999998021,0.9344,0.490838237270072,,,
BG13823,18):,0,0.0639040000000932,0.7207,0.42628935262443,,,
BG13824,18):,0,0.74003300000004,0.2238,0.197785678203432,,,
BG13827,18):,0,8.3555809999998,0,0,C,,C
BG13831,18):,0,0.267530999999963,0.4645,0.318771014826576,,,
BG13832,18):,0,2.67401900000004,0.0207,0.0354298606032787,C,,C
BG13834,18):,0,0.00460500000008324,0.9235,0.488912683691015,,,
BG13837,18):,0,0.037319999999454,0.7847,0.448830508680128,,,
BG13848,18):,0,0.0432300000002215,0.7687,0.443052368676355,,2,2
BG13849,18):,0,0.0220039999999244,0.8338,0.464726335055834,,,
BG13850,18):,0,4.68329199999971,0.0022,0.00638356013025838,C,,C
BG13856,18):,0,0.5974640000004,0.2743,0.224513238327680,,,
BG13857,18):,0,4.50837200000024,0.0027,0.00751196722399093,C,,C
BG13858,18):,0,1.48920999999973,0.0844,0.098380867299026,,,
BG13862,18):,0,1.40807100000006,0.0933,0.10478071225889,,,
BG13865,18):,0,1.74056499999983,0.0621,0.077893107263238,,,
BG13866,18):,0,0.250786999999946,0.4788,0.325987604850168,,,
BG13869,18):,0,0.139048999999886,0.598,0.377844930836628,,,
BG13870,18):,0,3.56882399999995,0.0075,0.0165705159352741,C,,C
BG13871,18):,0,0.86560899999995,0.1883,0.175351664662499,,,
BG13872,18):,0,4.14386999999988,0.004,0.0102435916690785,C,,C
BG13889,18):,0,0.0798960000001898,0.6893,0.414300016337548,,,
BG13890,18):,0,1.24089900000035,0.1152,0.122971494950214,,,
BG13895,18):,0,14.3736810000000,0,0,C,,C
BG13896,18):,0,0.452582999999777,0.3414,0.257391652875542,,,
BG13897,18):,0,2.62227700000039,0.022,0.0371842377587551,C,,C
BG13898,18):,0,1.00998499999969,0.1552,0.153626878747738,,,
BG13900,18):,0,0.0323889999999665,0.7991,0.450962579951756,,,
BG13901,18):,0,3.21829100000014,0.0112,0.0223364689138137,C,,C
BG13902,18):,0,1.92832999999996,0.0495,0.0662689385799596,,,
BG13904,18):,0,0.20207500000015,0.525,0.34560900811448,,,
BG13905,18):,0,0.712496999999985,0.2326,0.203434554240405,,2,2
BG13907,18):,0,67.5077369999999,0,0,C,,C
BG13908,18):,0,0.235055999999531,0.4929,0.333238378023462,,,
BG13909,18):,0,4.50969099999975,0.0027,0.00751196722399093,C,,C
BG13910,18):,0,1.51389500000005,0.0818,0.096012331081634,,,
BG13912,18):,0,5.90241900000001,6e-04,0.00227891140503096,C,,C
BG13917,18):,0,0.208914999999706,0.518,0.343678029423412,,,
BG13920,18):,0,4.07019200000013,0.0043,0.0108475049092705,C,,C
BG13922,18):,0,0.0447050000002491,0.7649,0.441992594586974,,,
BG13923,18):,0,0.00830100000030143,0.8975,0.48310442079448,,,
BG13926,18):,0,0.225236000000223,0.5021,0.336430413166428,,,
BG13927,18):,0,2.27772099999947,0.0328,0.0492785049893805,C,,C
BG13930,18):,0,1.43032899999980,0.0908,0.102999657977272,,,
BG13933,18):,0,4.71428999999989,0.0021,0.00614615500144712,C,,C
BG13934,18):,0,1.80785800000012,0.0572,0.0742257337218911,,,
BG13935,18):,0,0.886621000000105,0.183,0.173037902348434,,,
BG13936,18):,0,3.33673599999997,0.0098,0.0205762580483230,C,,C
BG13937,18):,0,0.533770000000004,0.3015,0.237020035608132,,,
BG13940,18):,0,0.086182000000008,0.678,0.410734982085956,,,
BG13948,18):,0,6.49641599999995,3e-04,0.00125977090091773,C,,C
BG13949,18):,0,6.79521300000033,2e-04,0.000883760849881286,C,,C
BG13951,18):,0,0.647702999999638,0.2551,0.216310936497315,,,
BG13960,18):,0,1.08064599999989,0.1415,0.143640994891178,,,
BG13961,18):,0,0.00137499999982538,0.9582,0.49908862054124,,,
BG13964,18):,0,8.17213599999968,1e-04,0.000512179583453927,C,,C
BG13966,18):,0,6.18298400000003,4e-04,0.00161934622792619,C,,C
BG13967,18):,0,0.293825999999854,0.4433,0.307705293979021,,,
BG13968,18):,0,0.452371999999741,0.3415,0.257391652875542,,,
BG13969,18):,0,4.38112099999989,0.0031,0.00838335542197387,C,,C
BG13970,18):,0,0.109920999999304,0.6392,0.393936600238605,,,
BG13971,18):,0,1.33357700000033,0.1024,0.112386834312176,,,
BG13972,18):,0,1.47950200000014,0.0854,0.0992194988288221,,,
BG13975,18):,0,0.238252000000102,0.49,0.33234238945137,,,
BG13976,18):,0,2.50052599999981,0.0253,0.0414158580363858,C,,C
BG13980,18):,0,0.486716000000342,0.3238,0.247360168182535,,,
BG13993,18):,0,0.677346999999827,0.2445,0.209506766494196,,,
BG14007,18):,0,7.11722000000009,2e-04,0.000883760849881286,C,,C
BG14008,18):,0,2.02843299999995,0.044,0.0615887996004225,,,
BG14009,18):,0,0.177056999999877,0.5518,0.356911804108892,,,
BG14010,18):,0,0.474855000000389,0.3298,0.251092580115426,,,
BG14011,18):,0,2.33970900000031,0.0305,0.0466523756331563,C,,C
BG14012,18):,0,3.23381000000018,0.011,0.0221334748564018,C,,C
BG14013,18):,0,9.00559299999986,0,0,C,,C
BG14014,18):,0,0.331073000000288,0.4158,0.298403955154916,,,
BG14015,18):,0,4.47456099999999,0.0028,0.00775826123133489,C,,C
BG14017,18):,0,0.543586000000005,0.2971,0.234457525446102,,,
BG14019,18):,0,7.43216600000005,1e-04,0.000512179583453927,C,,C
BG14021,18):,0,1.47474999999986,0.0859,0.0992194988288221,,,
BG14022,18):,0,0.322152999999162,0.4222,0.300779484275245,,,
BG14023,18):,0,1.81491700000061,0.0568,0.073848416248157,,,
BG14024,18):,0,3.27354100000048,0.0105,0.0217088961060288,C,,C
BG14026,18):,0,0.00020900000004076,0.9837,0.507006413983357,,,
BG14033,18):,0,0.150118999999904,0.5837,0.371937958697375,,,
BG14034,18):,0,4.16838699999971,0.0039,0.0100637423496978,C,,C
BG14036,18):,0,54.4239480000015,0,0,C,,C
BG14038,18):,0,6.37942299999986,4e-04,0.00161934622792619,C,,C
BG14040,18):,0,0.100960999999870,0.6532,0.400012254677517,,2,2
BG14041,18):,0,3.7668920000001,0.0061,0.0139326689390913,C,,C
BG14042,18):,0,0.105262999999468,0.6464,0.396566429421866,,,
BG14043,18):,0,0.582221000000118,0.2805,0.227194275778044,,,
BG14044,18):,0,0.774625000000015,0.2132,0.192200333167757,,,
BG14045,18):,0,-3.90384099999983,1,0.509477807203605,,,
BG14046,18):,0,1.03227399999923,0.1508,0.150150838238593,,,
BG14048,18):,0,0.116719999999987,0.629,0.390512028238736,,,
BG14049,18):,0,0.466517000000067,0.3341,0.253794766806947,,,
BG14050,18):,0,0.586438999999928,0.2788,0.226550819211996,,,
BG14051,18):,0,0.0177519999999731,0.8505,0.470542987856289,,,
BG14053,18):,0,0.122918000000027,0.62,0.387759270211558,,,
BG14058,18):,0,1.67594899999995,0.0671,0.0830856594609546,,,
BG14064,18):,0,5.25305200000003,0.0012,0.00393831291354864,C,,C
BG14065,18):,0,6.45978599999944,3e-04,0.00125977090091773,C,,C
BG14066,18):,0,1.98648199999980,0.0462,0.0638747642481683,,,
BG14067,18):,0,0.0146790000001147,0.864,0.476061746964695,,,
BG14071,18):,0,0.259988999999678,0.4709,0.322231460445303,,,
BG14084,18):,0,5.14734799999997,0.0013,0.00416540362657317,C,,C
BG14085,18):,0,1.57447899999988,0.076,0.091102581227124,,,
BG14091,18):,0,0.763490000000274,0.2166,0.193880296923956,,,
BG14095,18):,0,0.397298999999748,0.3727,0.277035744044372,,,
BG14099,18):,0,0.586728999998741,0.2787,0.226550819211996,,,
BG14102,18):,0,0.0548459999999977,0.7405,0.433450264625866,,,
BG14103,18):,0,0.454610999999659,0.3403,0.257391652875542,,,
BG14106,18):,0,18.6214010000003,0,0,C,,C
BG14108,18):,0,1.58848400000011,0.0747,0.0900230938447255,,,
BG14110,18):,0,1.26876000000084,0.1112,0.120480397400162,,,
BG14111,18):,0,16.7776780000004,0,0,C,,C
BG14118,18):,0,0.764516000000185,0.2163,0.193880296923956,,,
BG14124,18):,0,0.511857000000418,0.3116,0.241866370642482,,,
BG14125,18):,0,0.182170000000042,0.5461,0.355265488376917,,,
BG14127,18):,0,13.7741249999999,0,0,C,,C
BG14128,18):,0,0.386348999999882,0.3794,0.280331839158901,,,
BG14133,18):,0,4.72626900000023,0.0021,0.00614615500144712,C,,C
BG14134,18):,0,2.53821999999946,0.0243,0.0403652882527473,C,,C
BG14135,18):,0,5.0458550000003,0.0015,0.00460961625108534,C,,C
BG14137,18):,0,0.133475999999973,0.6054,0.381095946151182,,,
BG14138,18):,0,4.75834600000007,0.002,0.00593050043999284,C,,C
BG14140,18):,0,0.361777999999958,0.395,0.287460102059072,,,
BG14143,18):,0,0.0256230000004507,0.8209,0.460192081654787,,,
BG14146,18):,0,2.25290200000018,0.0338,0.0502609912289393,,,
BG14163,18):,0,0.704011000000037,0.2354,0.205352951751577,,,
BG14164,18):,0,1.10395800000015,0.1373,0.141072004539295,,,
BG14175,18):,0,0.668793999999934,0.2475,0.211007654368724,,,
BG14179,18):,0,0.627511000000027,0.2626,0.219453440509025,,,
BG14184,18):,0,1.23173100000008,0.1165,0.123558909167023,,,
BG14185,18):,0,0.206045000000131,0.5209,0.344647293898352,,,
BG14193,18):,0,0.0192719999995461,0.8444,0.46831785164431,,,
BG19003,18):,0,0.0623349999996208,0.724,0.427493261410698,,,
BG19005,18):,0,1.57614799999965,0.0758,0.091024228067613,,,
BG19006,18):,0,2.21466199999986,0.0353,0.0516569694169246,,,
BG19016,18):,0,1.46463799999992,0.087,0.0999218962269166,,,
BG19019,18):,0,2.70335799999975,0.0201,0.0348439710466656,C,,C
BG19025,18):,0,0.0260830000001988,0.8193,0.459676288128978,,,
